29913,MOUSE MAXELL INALAMBRICO USB ROJO/GRIS PILA INCLUI,9032665
63108,MOUSE KENSINGTON USB FOR LIFE INALAM.NANO 2.4G,9032665
29736,CABLE HDMI MLAB MACHO/MACHO AUDIO/VIDEO 3MTS BOLSA,9032665
29949,CABLE HDMI A HDMI FIDDLER 5 MTS AUDIO/VIDEO,9032665
29750,CABLE HDMI MACROTEL AUDIO/VIDEO 1.8 MTS BASICO,9032665
27371,PARLANTES LOGITECH S151 CONEXION USB CONTROL VOLUM,9032665
28178,PARLANTES LOGITECH Z120 CONEXION USB CONTROL VOLUM,9032665
22948,PARLANTES TRUST GEMI 2.0 SPEAKER BLACK EI,9032665
26583,CAMARA WEB GENIUS FACECAM 1000X CLIP MICROF/INCOR,9032665
22759,PROYECTOR EPSON POWERLITE 118 3LCD 3800 LUM XGA,9032665
25748,MOUSE TRUST VERTICAL ERGONOMICO USB 22879,9032665
12611,PAPEL HIG.  4 ROLLOS  50 MT. H/S ELITE GOFRADO.,9032650
16772,PAPEL ENVOLVER ROLLO BEIGE 57CM 280MT 35GRS.ACONC,9032651
18501,PAPEL FOTOC. OFICIO 75 GR REPROGRAF 500 HJ,9032651
61153,DISPENSADOR TOALLA S/PALANCA ROLLO 177 MT.KIMBERLY,9032650
76560,CORCHETERA PLASTICA RAPID 20HJ 26/6 CHICA,9032655
10405,PAPEL HIG.  4 ROLLOS  30 MT. H/D ELITE VER.50828,9032650
27534,CARTRIDGE HP CC643WL (60) COLOR P/F4280 160PAG.,9032655
27532,CARTRIDGE HP CC640WL (60) NEGRO P/F4280 200PAG.,9032655
41289XL,CARTRIDGE HP CH564HL (122XL)COLOR P/2050/3050 330P,9032655
41288XL,CARTRIDGE HP CH563HL (122XL) NEG P/2050/3050 480P.,9032655
98275,PAPEL HIG.  4 ROLLOS  30 MT. H/D CONFORT,9032650
41999,TONER HP CE413A (305A) 2600PAG MAGENTA P/M475/M451,9032655
CF403A,TONER HP CF403A (201A) MAGENTA 1400 PAG. M277DW,9032655
W2111A,TONER HP 206A CYAN 1250 PG,9032655
W2113A,TONER HP 206A MAGENTA 1250 PG,9032655
W2110A,TONER HP 206A NEGRO 1350 PG,9032655
W2112A,TONER HP 206A YELLOW 1250 PG,9032655
12833,CROQUERA ESPIRAL 1/2 OFICIO 100 HJ,9032655
D256933AM,CARTULINA COLOR AMARILLO MEDIO 53X75 ARTEL,9032655
D256933AZ,CARTULINA COLOR AZUL 53X75 ARTEL 140 GR,9032655
D256933VE,CARTULINA COLOR VERDE OSCURO 53X75 ARTEL,9032655
D256933NJ,CARTULINA COLOR NARANJA 53X75 ARTEL,9032655
93006,CINTA ADHE. DOBLE CONT.19 X 5 MT. FUERTE POWERBON,9032655
78602,TOALLA PAPEL  2 ROLL.250MT. ELITE AUTO CORTE EVOL,9032650
82057CB,BEBIDA HIDRATANTE 750CC GATORADE CO/BLUE C/DOSIF.,9033008
81322,TIJERA  8.0  (20.32CM) MUNDIAL 445-8 METAL,9032655
77257,TIJERA  5.0 (13CM) DAHLE METALICA REF:50045 PROFES,9032655
21874,DISPENSA/PAPEL HIG. ELITE 600MT ACERO INOXIDAB,9032650
83798MZ,JABON LIQ.  340 ML. YERDEN MANZANA,9032650
29076,JABON LIQ. 250ML ESPADOL DETTOL ORIGINAL ANTIBACTE,9032650
72156AP,BEBIDA HIDRATANTE 630 ML SUEROX ARANDANO POMELO,9033008
72156NJ,BEBIDA HIDRATANTE 630 ML SUEROX NARANJA,9033008
72156MA,BEBIDA HIDRATANTE 630 ML SUEROX MANZANA,9033008
11763,LIBRO REGISTRO ACCIONISTA BUHO 1751 100 H,9033007
16825,AGUA MINERAL  1.5 LT. BENEDICTINO C/GAS,9033008
16818,BEBIDA LATA 310CC GINGER ALE LIGHT CANADA DRY,9033008
87752,BEBIDA LATA 350CC COCA-COLA ZERO AZUCAR,9033008
10963,BEBIDA LATA 310CC GINGER ALE CANADA DRY,9033008
86612,BEBIDA DESECH.  591CC COCA-COLA LIGHT,9033008
86604,BEBIDA DESECH.  591CC COCA-COLA S/AZUCAR,9033008
W1105A,TONER HP 105A NEGRO 107/MFP137/MFP137 1000 PG,9032655
CF410A,TONER HP CF410A (410A) NEGRO 2300 PAG. M452/M477,9032655
CF411A,TONER HP CF411A (410A) CYAN 2300 PAG. M452/M477,9032655
CF412A,TONER HP CF412A (410A) YELLOW 2300 PAG. M452/M477,9032655
CF413A,TONER HP CF413A (410A) MAGENTA 2300 PAG. M452/M477,9032655
82037,AGUA MINERAL   500 CC CACHANTUN S/GAS,9033008
94657,ARCHIVADOR CARTA C/PRES.2 AROS 1.0 BLANCO D IMAGIN,9033007
82566,GALLETA MCKAY TRITON VAINILLA 126 GR.,9033008
83438BL,ARCHIVADOR OFICIO C/PRES.2 AROS 1.0 BLANCO -D- ACC,9033007
89289,CAFE INST. NESCAFE FIN/SELECC.200 GR LIOFI/FCO VI,9033008
11237,NOTA ADHESIVA 3M POST-IT Z P/DISP.POP-UP-AMARILLA,9032655
84086FR,JABON LIQ. 5 LT. LALMS FRESH GLICE. P/MANOS,9032650
87458,SECADOR DE MANOS AIROLITE HD-2001W BLANCO,9032650
71075,TE BOLS/LIPTON YELLOW LABEL 100 BL.,9033008
84802T,DESINFEC. A/SOL IGENIX 360 CC TRADICIONAL A/BACT.,9032650
84909,AZUCAR 1 KL. DAMA BLANCA BOLSA GRADO 2,9033008
88251,ENDULZANTE NATURALIST STEVIA LIQUIDO 270 ML,9033008
18800,CAFE INST. NESCAFE TRADICION  170 GR GRANUL/FCO. V,9033008
12938,BOLSA BASURA ROLLO  50 X 70 10 UN. SUPERIOR,9032650
80133,GALLETA MCKAY CRIOLLITA 100 GR.,9033008
94659,ARCHIVADOR CARTA C/PRES.2 AROS 2.0 BLANCO D IMAGIN,9033007
81440,PIZARRA BLANCA 1.20 X 2.00 MT. BISILQUE,9032655
88257,ENDULZANTE NATURALIST SUCRALOSA 500 TABLETAS,9033008
24573,GUILLOTINA SEMI-INDUSTRIAL IBICO 42 CM 360 HJS.,9032655
82526,GALLETA MCKAY ALTEZA BOCADO 140 GR.,9033008
86991,MILO POLVO  300 GR. BOLSA,9033008
10211,MAQUINA ESPIRALERA IBISPIRAL CTA OF + INSUMOS,9032655
34250,NOTA ADHESIVA 3M GREENER POST-IT 653 AMAR X 12,9032655
82529,GALLETA MCKAY KUKY CLASICA 120 GR.,9033008
10532BL,MARCADOR OLEO ARTLINE 400XF BLANCO,9033010
89577,PAPELOGRAFO 1.00AL X 0.70ANCH. TRIPODE REGUL.,9032651
28005,ENDULZANTE ONZA 0.5 GR SUCRALOSA X 1000 SAC.PRISA,9033008
10033TR,CARPETA PRESENTADOR A4 DATA ZONE E-310 TRANSPARENT,9033007
87126,CORRECTOR LIQ. T.LAPIZ PTA.METAL PROARTE,9033010
92068,JABON LIQ. 1 LT. TREMEX HYGIENIC C/TRICLOSAN,9032650
10532NG,MARCADOR OLEO ARTLINE 400XF NEGRO,9033010
99412M7,BLOCK ANILLADO ESCOLAR M7 COLON 80 HJ,9032651
42203,TONER HP CF280A (80A) 2.700PAG. NEGRO P/M401/M425,9032655
88258,ENDULZANTE NATURALIST SUCRALOSA 300 TABLETAS,9033008
CF226A,TONER HP CF226A (26A) NEGRO 3100 PAG. M402/M426,9032655
80891,MAQUINA ANILLADORA COMBIND C-250 CTA-A4 IBICO,9032655
21895,TE BOLS/SUPREMO BRASIL  20 BL.,9033008
80975,SEPARADOR CARTA 6 DIVIS. COLOR J.S. ECONOMICO,9033007
74132,ENDULZANTE DUL-SUC SUCRALOSA LIQUIDO 270 ML.,9033008
83815,GALLETA COSTA AGUA LIGHT 210 GR.,9033008
91171BL,MARCADOR OLEO PILOT SCW  1MM FINO BLANCO,9033010
11410M7,BLOCK APUNTES FISCAL 7MM COLON 80 HJ RONEO,9032651
10532RJ,MARCADOR OLEO ARTLINE 400XF ROJO,9033010
82524,GALLETA COSTA VINO 160 GRS.,9033008
27519,TONER HP CE505A (05A) 2300 PG NG P2030/P2035/50/55,9032655
12502,INSECTICIDA A/SOL 360CC RAID CASA Y JARDIN,9032650
25223,CORCHETERA METALICA COLON 20 HJ M4 NEGRO  MEDIANA,9032655
99120,TE BOLS/LIPTON ROYAL 100 BL ETIQUETA NEGRA.,9033008
26019,ARCHIVADOR A-4 C/PRES.2 AROS 1.0 BLANCO ACCO W.J.,9033007
15306AZ,BOLIGRAFO GEL 0.5 PAPER MATE ECONOMICO AZUL,9033010
89225CR,JABON LIQ. 1 LT. SIMOND-S CREMOSO HIPOA/ RPTO.,9032650
17280CL,DESINFEC. A/SOL LYSOL 340 CC CRISP LINE A/BACT,9032650
89412,CORCHETERA GRANDE BOSTITCH B-515 METALICA,9032655
82497NJ,MARCADOR OLEO PILOT SCPM 2MM NARANJA,9033010
24396,MOUSE/ PAD CON APOYA MUnECA AZUL CELESTE TECM,9032655
81814,CUADERNO 1/2 OFICIO 180 HJ M5 CLASSIC SCOTCH RHEI,9032651
77179,TRITURADORA PAPEL DAHLE 22312 15 HJ. CHALLA,9032655
78537,PAPEL HIG.  4 ROLLOS 500 MT. H/S RENDIPEL MAX,9032650
12561,SERVILLETA COCTEL ELITE BLANCA 50 UD 24X24 CMS,9033008
36550,NOTA ADHESIVA TORRE CUBO MEDIANA 400 HJS,9032655
21938GR,CARPETA VINIL A4 PIGMEN. DATA ZONE GRIS,9033007
84756,GALLETA COSTA COCO 125 GRS.,9033008
36557AZ,BOLIGRAFO GEL 0.7 AZUL RETRACTIL TORRE,9033010
78392,TRITURADORA PAPEL DAHLE 35150 150HJ FIDER/CHALLA,9032655
84052,NOTA ADHESIVA 3M POST-IT 670-5AN SEPAR. PAG. 5 COL,9032655
20812,TONER HP Q2612A (12A) 2.000PAG. NG P/1020/22/3050,9032655
19557,GALLETA COSTA SODA LIGHT 180 GR.,9033008
41247,TONER HP CE285A (85A) NG  P/M1212NF/P1102W/M1132,9032655
19366,REPTO. MAQ.LAMINADORA 3M DL951 2 CARAS 21.6CMX30MT,9032655
85525,CINTA EMBALAJE TRANSP. 48 X 40 MT USATAPE,9032655
78133,ALCOHOL GEL 1 LT. ELITE 70% BOTELLA,9032650
88256,ENDULZANTE NATURALIST SUCRALOSA LIQUIDO 270 ML,9033008
99401,CINTA ADHE. CRISTAL 18 X 30 MT. SELLOFILM,9032655
CF283A,TONER HP CF283A (83A) M125NW/M127NF/M225DW 1500,9032655
88252,ENDULZANTE NATURALIST STEVIA 500 TABLETAS,9033008
99298,DISPENSADOR CINTA ADHESIVA 3M C-38,9032655
20167,PAPEL FOTOC. CARTA 75 GR H.P     M/POSITO.,9032655
82632,GALLETA COSTA FRAC CHOCOLATE 130 GR.,9033008
34346,TOALLAS DESINF. CLOROX EXPERT FRESH 15U FLOWPACK,9032650
36018AZ,LAPIZ PASTA PILOT BP1C/GRIP 0.7 RETRACTIL AZUL,9033010
86498,AGUA MINERAL  6 LT. P/LIFE NESTLE S/GAS,9033008
10243,GALLETA COSTA TUAREG 120 GR.,9033008
19940,PAPELERO NEGRO MALLA 27 CMS ALTO X 25CM SELLOFFICE,9032650
10003AZ,LAPIZ PASTA P.MED OFIXPRES AZUL 1.0,9033010
89849,LIBRETA MANIFOLD DUPLIC.50HJ BUHO AUTOCOP.1581,9033007
10036,GUILLOTINA PALANCA DAHLE 360MM 35 HJ REF:561,9032655
87855,SEPARADOR PAG. STICK & WRITE 150HJ 5 COLORES,9032655
74258,ENDULZANTE DUL-SUC STEVIA LIQUIDO 180 ML,9033008
86221,CALCULADORA BASICA ESCR/S 14DIG CASIO GX-14,9032655
28959,GALLETA COSTA CHAMPAnITA X 8,9033008
19887NG,CORCHETERA METALICA ADIX LARGA 20HJ NEGRA AXMST457,9032655
82014,AGUA MINERAL  1.6 LT. CACHANTUN S/GAS,9033008
F6V31AL,CARTRIDGE HP (664XL) NG 2135/2675/3835/5275 480PG,9032655
99005,PAPEL FOTOC. CARTA 75 GR XEROX 500 HJ.,9032655
85424,NOTA ADHESIVA STICK & WRITE 76X76 400HJ 5 COL.NEON,9032655
89799,LAMINA TERMOL.D.CARTA 5 292X445MM 125MC 100HJ DIAZ,9032655
91611LV,JABON LIQ. 5 LT. TREMEX LAVANDA C/GLICERINA,9032650
10140NG,LAPIZ PASTA PILOT BP-S C/GRIP NEGRO BPSGPXB 1.6,9033010
83361,CORRECTOR ROLLER PRITT 4.2 X 8.5 MT.,9033010
82565,GALLETA MCKAY NIZA CLASICA 150 GR.,9033008
10524AZ,MARCADOR PERMAN.PILOT SCA-F AZUL P/RED,9033010
80741,LIBRETA TAQUIGRAFIA 80 HOJAS JS C/ESPIRAL 12.3X19C,9033007
81295,GUILLOTINA METALICA DAHLE 320 MM 8 HJ REF:502,9032655
36139,CAFE INST. NESCAFE STICK 180 UN 1.8 GR.,9033008
15552,CUADERNO UNIV. E/D 100 HJ M7 TORRE 1 LISO.COLOR ST,9032651
88276,LECHE EN POLVO  800 GR. SVELTY DESCRE. SOFTPACK,9033008
22013NG,MARCADOR OLEO SHARPIE PAINT NEGRO,9033010
77159,TRITURADORA PAPEL DAHLE MHP50314 20HJ 60LT,9032655
17113,TE BOLS/SUPREMO VERDE 20 BL SENCHA JAPONES.,9033008
86510,CARGADOR DE PILAS MACROTEL 1-2 P AA-AAA + 2 AAA 10,9032655
73992MA,LAVALOZA LIQ.   300 ML. SAPOLIO CONCENTRADO MANZAN,9032650
89742,CLAVADORA STANLEY TR-100 / TR-150 ALUMINIO,9032655
99851,PIZARRA ATRIL C/RUEDAS 1.00 X 1.20 MT. ARCOVI,9032655
41351,TONER HP CE272A (650A) 15.000PAG. YELLOW P/CP5525,9032655
25225,PERFORADOR  40 HJ METALICO COLON P9 NEGRO,9032655
88762,GUILLOTINA METALICA ISOFIT 24X30 CMS CARTA 10 HJS,9032655
84252,SEPARADOR CARTA 6 DIVIS. COLOR PASTEL D-WILLIAMS,9033007
85737,NOTA ADHESIVA TORRE STICK 654 MEDIANO AMAR. 75X75,9032655
12262AZ,ARCHIVADOR RAPIDO PLASTIF. AZUL CORRIENTE,9033007
F6V30AL,CARTRIDGE HP (664XL) CL 2135/2675/3835/5275 330PG,9032655
24479,CINTA ROTULADORA DYMO TAG BLANCA 12MX4MT(ROT.24439,9032655
15306RJ,BOLIGRAFO GEL 0.5 PAPER MATE ECONOMICO ROJO,9033010
84542CI,DESINFEC. A/SOL LYSOFORM 360 CC CITRICA A/BACT.,9032650
18547,LAMINA TERMOL.A4 75 MIC X 100 UDS GBC IBIC,9032655
86513,PILA RECARGABLE AAA X 2 MACROTEL 1000MA N/M HYBR,9032655
80640,GALLETA MCKAY MARAVILLA 147 GR.,9033008
25086,CUADERNO 1/4 OFICIO 100 HJ M7 ESCOCES TORRE,9032651
18540BL,MARCADOR OLEO PAINT MON-AMI BLANCO,9033010
41222,TONER HP CE255A (55A) 6000 PAG. NEGRO P/P3015DN,9032655
25228,CORCHETERA PLASTICA AUCA AU-7 NEGRA 20 HJ GRANDE,9032655
82022NJ,JUGO NATURAL 1.5 LT WATTS NARANJA,9033008
CF502A,TONER HP 202A YELLOW LASERJET PRO M254DW/MFP281F,9032655
19886,CORCHETERA INDUST. ADIX 100 HOJAS (23/6-13),9032655
36018NG,LAPIZ PASTA PILOT BP1C/GRIP 0.7 RETRACTIL NEGRO,9033010
10140RJ,LAPIZ PASTA PILOT BP-S C/GRIP ROJO BPSGPXB 1.6,9033010
CF500A,TONER HP 202A BLACK LASERJET PRO M254DW/MFP281FD,9032655
19336,CLORO  4 LT. IMPEKE TRADICIONAL AL 2.62 %,9032650
99878AZ,BOLIGRAFO PILOT ROL.BALL G-2-0.7 AZUL RETRACTIL,9033010
83652,JABON LIQ. 5 LT. DETTER C/GLICERINA LAVANDA BIDO,9032650
19501AZ,MARCADOR MULTIUSO SHARPIE AZUL,9033010
18600,PAPEL FOTOC. CARTA 75 GR PRISA 500 HJ.,9032655
83427,CORCHETERA GRANDE BOSTITCH B3000 CROMADA,9032655
22934AZ,PLUMON PIZARRA ISOFIT DESECHABLE AZUL PUNTA REDOND,9033010
99752,PIZARRA BLANCA 0.70 X 1.00 MT. ARCOVI,9032655
39883AM,DESTACADOR ADIX PALETA TRANSPARENTE AMARILLO,9033010
88682,CONTROL REMOTO LASER KENSINGTON P/PRESEN.15M,9032655
32700,ALCOHOL GEL 60 ML. ALOE SIN ENJUAG. 3M,9032650
98048,GALLETA COSTA DONUT CHOCOLATE 105 GR.,9033008
26022,ARCHIVADOR A-4 C/PRES.3 AROS 1.0 BLANCO ACCO W.J.,9033007
11403M7,CUADERNO UNIV. E/D 100 HJ M7 RHEIN LISO.,9032651
91643,LIMPIAVIDRIOS   250 CC SECOWASH GATILLO ECOLOGIC,9032650
19618CHO,GALLETA COSTA GRETEL CHOCOLATE 85 GR.,9033008
98017,GALLETA COSTA MANTEQUILLA 140 GRS,9033008
36018RJ,LAPIZ PASTA PILOT BP1C/GRIP 0.7 RETRACTIL ROJO,9033010
15105,CORRECTOR LIQ. T.LAPIZ BIC 8 ML.,9033010
10630,PIZARRA BLANCA 0.40 X 0.50 MT. ARCOVI,9032655
99724,PORTAMINA 0.7MM ISOFIT 2007,9033010
10033AZ,CARPETA PRESENTADOR A4 DATA ZONE E-310 AZUL,9033007
84757,MILO POLVO  700 GR. ACTIGEN TARRO,9033008
30570AZ,PLUMON PIZARRA 741 PELIKAN AZUL P.REDONDA,9033010
88947,LAMINA TERMOL.OFICIO 7 229X368MM 175MC IBICO 100UD,9032655
12424,PILA BATERIA 9V DURACELL,9032655
40722,TONER BROTHER TN-450 2270DW/2240/7460/7065DN 2600P,9032655
10524RJ,MARCADOR PERMAN.PILOT SCA-F ROJO P/RED,9033010
80713M7,CUADERNO CARTA 150 HJ M7 S/CLASS RHEIN.,9032651
19927,CARPETA COLGANTE PLASTICA COLON,9033007
21871M7,CUADERNO UNIV. E/D 100 HJ M7 COLON LITO.,9032651
25552,LAPIZ PASTA KILOMETRICO 100 AZUL 1.0M,9033010
79725,CARTRIDGE HP CZ105AL (662XL) N 2645/3515/3545/4645,9032655
10376NJ,DESTACADOR PILOT SPOTLITER NARANJO SWSLK,9033010
12507,PAPEL HIG.  8 ROLLOS  50 MT. H/S CONFORT.,9032650
91611FL,JABON LIQ. 5 LT. TREMEX FLORAL C/GLICERINA,9032650
81081,CAJA ARCHIVO EURO-BOX #21 REVIST. 26.5X14.2X27.2,9033007
25234,PERFORADOR  25 HJ AUCA GRANDE NEGRO,9032655
36557NG,BOLIGRAFO GEL 0.7 NEGRO RETRACTIL TORRE,9033010
24360,GOMA BORRAR  PELIKAN STRIKER 20 MIGA C.FAJILLA,9033010
10521,LAPIZ GRAFITO No.2 BIC-EVOLUTION C/GOMA HB,9033010
86248,CORCHETERA ELECTRICA SWINGLINE OPTIMA 70 HJS,9032655
30570NG,PLUMON PIZARRA 741 PELIKAN NEGRO P.REDONDA,9033010
76076,MAQUINA ENCUADERNADORA VELOBINDER PERS. KIT IBICO,9032655
19618FRU,GALLETA COSTA GRETEL FRUTILLA 85 GR.,9033008
12601,LECHE EN POLVO 1500 GR. NIDO TARRO INSTANTANE,9033008
91517,DISPENSA/TOALLA INTERFOLIADA ELITE EVOLUTION,9032650
41248,TONER HP CE278A (78A) NG P/P1606DN/M1536/1530 2100,9032655
993032H,MINAS 0.7MM 2B PILOT,9033010
74170,ENDULZANTE DSTEVIA NATURAL CJA  50 SOBRES SIN SUCR,9033008
12919,TRITURADORA PAPEL REXEL MOMENTUM X312 12HJ C/CHALL,9032655
27528,TONER HP CE252A (504A) 7.000PAG. YELLOW P/CP3525,9032655
36535NG,CARPETA VINIL CARTA NEGRA AUCA,9033007
15222NG,BOLIGRAFO GEL 0.5 TORRE NEGRO.,9033010
18540AZ,MARCADOR OLEO PAINT MON-AMI AZUL,9033010
85435RJ,PLUMON PIZARRA SELLOBOARD P.RED. ROJO,9033010
86097VA,DESODOR/AMB. SAPOLIO 360CC. VAINILLA,9032650
89572,CLIPS MAGICOS 50 UN. SELLOFFICE PLATEADO 4.8MM,9032655
76890,CLORO  5 LT. TREMEX 5% CONCENTRADO,9032650
88282,MOPA HUMEDA ALGODON 16 ONZ. VIRUTEX S/MANGO(84493),9032650
83448NG,ARCHIVADOR CARTA C/PRES.2 AROS 1.0 NEGRO -D- ACCO,9033007
79726,CARTRIDGE HP CZ106AL (662XL) CL 2645/3515/3545/464,9032655
88945,LAMINA TERMOL.CARNET 7  65X 95MM 175MC IBICO 100UD,9032655
92038ST,ENDULZANTE IANSA CERO K STEVIA 300 TABLETAS,9033008
88763,GUILLOTINA METALICA ISOFIT 30X40 CMS OFICIO 10 HJS,9032655
89627,PORTAMINA 0.5MM LAPOINTE METALICO,9033010
84803,DESODOR/AMB. AROM 360CC / 225 GR FRESCURA CITRICA,9032650
36304,PERFORADOR  60 HJ TORRE NEGRO 738,9032655
21830M7,CUADERNO UNIV. E/D 100 HJ M7 COLON LISO.,9032651
78307,PILA ALCALINA AAA X  4 UN. ENERGIZER,9032655
83619BL,ARCHIVADOR OFICIO C/PRES.3 AROS 1.0 BL DWILLIAMS,9033007
34345,TOALLAS DESINF. CLOROX EXPERT FRESH 30U FLOWPACK,9032650
18540VE,MARCADOR OLEO PAINT MON-AMI VERDE,9033010
89585NA,MICA ENCUAD CARTA LISA X 100 UDS IBICO NATURAL,9032655
11390CR,CUADERNO UNIV. E/D 100 HJ CROQUIS TORRE LISO.,9032651
63116,MAQUINA ANILLADORA COMBBIND PRO CTA A4 OFICIO GBC,9032655
86376,GALLETA COSTA GRAN CEREAL CLASICA 135 GRS,9033008
85144,PAPEL ENVOLVER KRAFT 115X154 R/125 PLGOS.70 GRS.,9032651
83449NG,ARCHIVADOR CARTA C/PRES.2 AROS 1.5 NEGRO -D- ACCO,9033007
25552RJ,LAPIZ PASTA KILOMETRICO 100 ROJO 1.0M,9033010
84214,GALLETA COSTA GRAN CEREAL MUESLI 135 GRS,9033008
39883VE,DESTACADOR ADIX PALETA TRANSPARENTE VERDE,9033010
99582,CALCULADORA BASICA BOLS.  8DIG CASIO HL-820,9032655
27228,BOTELLA EPSON T664120 NG L120/L210/L355/L555/L1300,9032655
99372,SEPARADOR OFICIO 6 DIVIS.CARTUL/BRILLANTE DUPLEX,9033007
28629NG,TONER HP CE310A (126A) 1.200PG NG P/CP1025/M175NW,9032655
10033VE,CARPETA PRESENTADOR A4 DATA ZONE E-310 VERDE,9033007
11827,PAPEL FOTOC. CARTA 75 GR CHAMEX M/POSITO.,9032655
33353,ALCOHOL GEL 100 ML. FRESH UP S/ENJUAGUE AL 75%,9032650
85716,PERFORADOR  65 HJ ISOFIT PP-70 C/GUIA N/GRIS,9032655
80691,DISPENSADOR DE NUMEROS (ATENCION DE PUBLICO),9032655
65935VE,PLUMON PIZARRA LUXOR 651 PUNTA BISC. VERDE,9033010
36115NG,MARCADOR MULTIUSO SHARPIE NEGRO DOBLE PUNTA TWIN,9033010
15306NG,BOLIGRAFO GEL 0.5 PAPER MATE ECONOMICO NEGRO,9033010
12746,CINTA ADHE. CRISTAL 12 X 18 MT. SELLOFILM 400,9032655
65110,BORRADOR PIZARRA PLASTICO PELIKAN,9032655
81177,CORCHETERA GRANDE BOSTITCH B 660 PLASTICA,9032655
15132,MARCADOR PERMAN.PILOT FINO 8 COLORES SCAFS8,9033010
36557RJ,BOLIGRAFO GEL 0.7 ROJO RETRACTIL TORRE,9033010
88727,CERA LIQ.   900 ML VIRGINIA AUT/BRIL. INCOLORA,9032650
76960,ALCOHOL GEL 5 LT. RAYTAN AL 70% C/GLICERIN LIVIANO,9032650
12520AA,JABON BARRA LE SANCY 150 GRS ACEITE/ALMENDRAS,9032650
98074,SOBRE ACOLCHADO GRANDE # 10  37 X 50 CM,9032655
34053,ACCOCLIPS FASTENER DORADO 50 UNID. BALI,9032655
84542,DESINFEC. A/SOL LYSOFORM 360 CC ORIGINAL A/BACT.,9032650
27229,BOTELLA EPSON T664220 CY L120/L210/L355/L555/L1300,9032655
27230,BOTELLA EPSON T664320 MG L120/L210/L355/L555/L1300,9032655
27231,BOTELLA EPSON T664420 Y L120/L210/L355/L555/L1300,9032655
99878NG,BOLIGRAFO PILOT ROL.BALL G-2-0.7 NEGRO RETRACTIL,9033010
17516,SEPARADOR PAG. 3M BANDERITA 683-4,9033007
10230,CARPETA COLGANTE METAL CORRIENTE,9033007
86092,CORCHETERA ALICATE ISOFIT METAL CM-80 25 HJS(26/6),9032655
71133,BOLSA BASURA ROLLO  80 X 110 10 UN. MAXIPACK,9032650
89219,CALCULADORA CIENTIFICA CASIO FX-9860 GIII,9032655
18540RJ,MARCADOR OLEO PAINT MON-AMI ROJO,9033010
12156,ARCHIVADOR OFICIO ANGOSTO RHEIN BURDEO 311143-1,9033007
12869S,GUANTES EXAM.LATEX T-S C/100 C/POLVO BLANCO TRESO,9032650
86097BM,DESODOR/AMB. SAPOLIO 360CC. BRISA MARINA,9032650
39883NJ,DESTACADOR ADIX PALETA TRANSPARENTE NARANJA,9033010
11231,NOTA ADHESIVA 3M POST-IT 653 3M CHICO AMARILLO,9032655
84127,ETIQUETA AVERY  5160  25X 67 BL LASER 30XHJ 100HJS,9032655
89907BL,ARCHIVADOR FLEXIBLE 3 AROS 5/8- BLANCO - ACCO,9033007
88511,GALLETA COSTA GRAN CEREAL FIBRA CACAO 135 GRS,9033008
19501RJ,MARCADOR MULTIUSO SHARPIE ROJO,9033010
99878RJ,BOLIGRAFO PILOT ROL.BALL G-2-0.7 ROJO RETRACTIL,9033010
81381,BANDEJA ESCRITORIO TRIPLE MADERA TRUPAN,9032655
82015,AGUA MINERAL  1.6 LT. CACHANTUN C/GAS,9033008
13280EF,DESINFEC. W.C. HARPIC LIQ.EXT.FUERTE T/PATO 750ML,9032650
86097FF,DESODOR/AMB. SAPOLIO 360CC. FRUTA FRESCA,9032650
10033AM,CARPETA PRESENTADOR A4 DATA ZONE E-310 AMARILLO,9033007
18540NG,MARCADOR OLEO PAINT MON-AMI NEGRO,9033010
26692,APOYA MUnECA P/TECLADO KENSINGTON FOAM,9032655
10125,MAQUINA LAMINADORA EN FRIO 3M LS-950 A PEDI.45DIAS,9032655
81059,CARPETA VINIL OF.FAST PIGMEN.RHEIN NEGRO,9033007
91602,BOLSA BASURA  80 X 110 GOLIAT 10 UNID. 28 MICRONES,9032650
18568,PORTAMINA 0.5MM ARTE & COR MP-S902,9033010
18601,PAPEL FOTOC. OFICIO 75 GR PRISA 500 HJ.,9032655
28629CY,TONER HP CE311A (126A) 1.000PG CY P/CP1025/M175NW,9032655
82022PI,JUGO NATURAL 1.5 LT WATTS PIn,9033008
82036,AGUA MINERAL   500 CC CACHANTUN C/GAS,9033008
11390LI,CUADERNO UNIV. E/D 100 HJ LI TORRE LISO.,9032651
82969,DETERGENTE POLVO  1 KL OMO MATIC MULTIACCION,9032650
28629YE,TONER HP CE312A (126A) 1.000PG YE P/CP1025/M175NW,9032655
11042AZ,PLUMON PIZARRA BIC DESECH.P/RED. AZUL,9033010
10517,CORCHETERA SEMI IND. NOVUS B40 100 HJ 23/6 23/13,9032655
12423,PILA ALCALINA D GRANDE  X 2 UN. DURACELL 1.5 VOL.,9032655
12885,VISORES PORTALEYENDA  25 UN SOCOMISCH,9032655
19878,CLORO  1 LT. IMPEKE TRADICIONAL 2.62 %,9032650
27960,CORCHETERA ALICATE NOVUS B-39 50 HJ 26/6/8 24/6/8,9032655
75744LI,LAVALOZA LIQ.   500 ML. SAPOLIO LIMON,9032650
99400,CINTA ADHE. CRISTAL 12 X 30 MT. SELLOFILM 500,9032655
19616,CROQUERA ESPIRAL 1/2 OFI.IMAGIA 100 HJ.16X21 TORRE,9032651
28629MG,TONER HP CE313A (126A) 1.000PG MAG P/CP1025/M175NW,9032655
87202,INSECTICIDA A/SOL 360CC RAID TODO INSECTO,9032650
10016RO,LAPIZ PASTA PILOT BP-S P.FINA 0.7 ROSADO,9033010
17040,MAQUINA ESPIRALERA  LASSANE  CARTA-OFICIO,9032655
81426,PIZARRA BLANCA 1.20 X 1.80 MT. ARCOVI,9032655
86042,SOBRE SACO OFICIO INTEROF. 25X36 C/VELCRO 50UD,9032655
25283WD,FILTRO PANTALLA.PLANA Y NOT 3M-PRIV.15.4PUL WIDE,9032655
76897,LAVALOZA LIQ.  5 LT. TREMEX LIMON,9032650
44796,TABLA APRETAPAPEL OFICIO MADERA TRUPAN,9032655
41804XL,CARTRIDGE HP CN045AL (950XL) NEGRO 2300PAG. P/8100,9032655
29263,PERFORADOR  15 HJ TORINI NEGRO,9032655
77332LI,LAVALOZA LIQ.  1.2 LT SAPOLIO LIMON,9032650
85544,CINTA TRANSFERIBLE 18 X 40 MT SELLOCINTA,9032655
76836,PILA RECARGABLE AAA X 2 ENERGIZER 700 MAH,9032655
81958,SEPARADOR PAG. 3M BANDERITA 683-4AB COLORES NEON,9033007
11042NG,PLUMON PIZARRA BIC DESECH.P/RED. NEGRO,9033010
63123,TRITURADORA PAPEL REXEL AUTO+100 HJS AUTOM CHALLA,9032655
26415,BORRADOR DATA ZONE SUPER ECONOMICO,9032655
13360,CORRECTOR ROLLER EXACT LINER  BIC 5 MM X 6 MT.,9033010
91620,ALCOHOL GEL 1 LT. TREMEX,9032650
98409,TOALLAS DESINF. IGENIX 20 UN CITRICO,9032650
88483,CORCHETES STANLEY TR-100 705 5/16-  8MM  1000UD,9032655
83889MA,JABON LIQ. 5 LT. NEO MANZANA BIDON,9032650
24235CI,DESODOR/AMB. AIRWICK 250ML MATIC+RPTO CITRICO,9032650
11042RJ,PLUMON PIZARRA BIC DESECH.P/RED. ROJO,9033010
19885,CORCHETERA INDUST. ADIX 210 HJ.APROX.(23/6-23),9032655
76867,PILA ALCALINA AA X  4 UN. ENERGIZER MAX,9032655
87732,MAQUINA PLASTIF. GBC 3100 CTA/OFI/D CARTA 175 MICR,9032655
89990,NOTA ADHESIVA STICK & WRITE 76X76 100HJ AMARILLO,9032655
10003NG,LAPIZ PASTA P.MED OFIXPRES NEGRO 1.0,9033010
85435AZ,PLUMON PIZARRA SELLOBOARD P.RED. AZUL,9033010
99713BL,DISPENSA/PAPEL HIG. ELITE 600MT,9032650
12260NG,CARPETA VINIL CARTA FAST RHEIN NEGRO,9033007
15221RJ,LAPIZ PASTA P.MED TORRE GOLD-M ROJO.,9033010
26951,TONER BROTHER TN-2370 HY NG DCPL2540DW/HL-L2360W,9032655
28583,BOTELLA EPSON T504120 NEGRO L4150/L4160/L6191 127M,9032655
10492AZ,PLUMON PIZARRA PILOT WBMA-TM AZUL RECARG.,9033010
70125,JABON KIMB. MANOS 800 CC. SPRAY SOAP HAND,9032650
91501,DISPENSA/TOALLA AUTO/CORTE ELITE EVOLUTION,9032650
41995,TONER HP CE410A (305A) 2.200PAG. NEGRO P/M475/M451,9032655
82320,CALCULADORA CIENTIFICA  240 FUNC CASIO FX82,9032655
15050,PAPEL FOTOC. CARTA 75 GR OFFICE DEPOT 500 HJ,9032655
10025,PORTAMINA 0.5MM PILOT H-185 C/GRIP ECONOMICO,9033010
12623,LAMINA TERMOL.JUMBO 7 80X115MM 175MC IBICO 100UD,9032655
88371,MOPA SECA 60 CM AVION REPUESTO VIRUTEX-PRO,9032650
78538,TOALLA PAPEL  2 ROLL.250 MT. RENDIPEL MAX H/S,9032650
25091,CARPETA C/ELASTICO OFICIO CARTULINA TORRE ESCOCES,9033007
84134,ETIQUETA AVERY  5163  51X102 BL LASER 10XHJ 100HJ,9032655
29851,TONER HP CB540A (125A) 2.200PAG. NEGRO P/CP1215,9032655
39883RO,DESTACADOR ADIX PALETA TRANSPARENTE ROSADO,9033010
82022,JUGO NATURAL 1.5 LT WATTS DURAZNO,9033008
25552NG,LAPIZ PASTA KILOMETRICO 100 NEGRO 1.0M,9033010
10376RO,DESTACADOR PILOT SPOTLITER ROSADO SWSLK,9033010
19889,CORCHETERA ALICATE ADIX METAL AX138 25 HJS (26/6),9032655
10495RJ,PLUMON PIZARRA PILOT WBMA-R ROJO DESECH.,9033010
10016VE,LAPIZ PASTA PILOT BP-S P.FINA 0.7 VERDE,9033010
CZ129A,CARTRIDGE HP CZ129A (711) NEGRO 38ML P/T120/T520,9032655
85947,CALCULADORA BASICA ESCR/S 10DIG CASIO MS-7 HMS,9032655
11147,CINTA ADHE. DOBLE CONT.12 X 22 MT 3M 665 1 CONO.,9032655
80946BL,ARCHIVADOR CARTA C/PRES.2 AROS 1.5 BL DWILLIAMS,9033007
99285,PIZARRA BLANCA 1.00 X 1.50 MT. BISILQUE,9033010
21150,CARTRIDGE HP C9371A (72) CYAN P/T610/T1100 130ML.,9032655
29851M,TONER HP CB543A (125A) 1.400PAG. MAGENTA P/CP1215,9032655
29851Y,TONER HP CB542A (125A) 1.400PAG. YELLOW P/CP1215,9032655
76018,TRITURADORA PAPEL REXEL MOMENTUM S206 6 HJS TIRA,9032655
75745LI,LAVALOZA LIQ.   750 ML. SAPOLIO LIMON,9032650
27981,MAQUINA PLASTIF. DAHLE 70203 CTA.OFI.DCARTA 125 MC,9032655
27388,ALCOHOL GEL 800 ML. DIFEM CARE 70% DISP.27290,9032650
36115AZ,MARCADOR MULTIUSO SHARPIE AZUL  DOBLE PUNTA TWIN,9033010
80658,NOTA ADHESIVA 3M POST-IT 660 LINEADO AMAR.10 X 15,9032655
87487,PORTAMINA 0.5MM MON-AMI CLIQUE C/GRIP AZUL,9033010
10376VI,DESTACADOR PILOT SPOTLITER VIOLETA SWSLF,9033010
81839,LAMINA TERMOL.CARTA 3 230X290MM  75MC DIAZOL 100UD,9032655
11151,CINTA ADHE. BOOK TAPE SCOTCH 3M 845 38.1 X 13.7 M,9032655
75363,MINAS 0.7MM HB HAND,9033010
11235,NOTA ADHESIVA 3M POST-IT 655 GRANDE AMARILLO,9032655
41805,CARTRIDGE HP CN050AL (951) CYAN 700PAG. P/8100,9032655
41806,CARTRIDGE HP CN051AL (951) MAGENTA 700PAG. P/8100,9032655
41807,CARTRIDGE HP CN052AL (951) YELLOW 700PAG. P/8100,9032655
82325,CALCULADORA CIENTIFICA  401 FUNC CASIO FX-570MS,9032655
14951HU,MICA ENCUAD OFICIO GOFRADA HUMO DIAZOL 25HJ,9032655
21441,ARCHIVADOR CARTA ANCHO AUCA BURDEO,9033007
10376CE,DESTACADOR PILOT SPOTLITER CELESTE SWSLK,9033010
10792,SACACORCHETE PINZA CORRIENTE HAND,9032655
19521,BANDEJA ESCRITORIO DOBLE NEGRA (MALLA) SELLOFFICE,9032655
28584,BOTELLA EPSON T504220 CYAN L4150/L4160/L6191 70ML,9032655
28585,BOTELLA EPSON T504320 MAGENTA L4150/L4160/L6191 70,9032655
28586,BOTELLA EPSON T504420 YELLOW L4150/L4160/L6191 70M,9032655
11284BL,ARCHIVADOR CARTA C/PRES.3 AROS 3.0 BL DWILLIAMS,9033007
81155,CORCHETERA SEMI IND. BOSTITCH B310 150 HJS. MET.,9032655
82022DA,JUGO NATURAL 1.5 LT WATTS DAMASCO,9033008
91619,ALCOHOL GEL 360 ML. TREMEX  70% S/ENJUAGE,9032650
83798GL,JABON LIQ.  340 ML. YERDEN GLICERINA,9032650
84132,ETIQUETA AVERY  5162  34X102 BL LASER 14XHJ 100HJ,9032655
L0R99AL,CARTRIDGE HP (974X) L0R99AL CYAN 7000 P. 477/577DW,9032655
78196,TOALLA PAPEL  3 ROLL. 16 MT. NOVA EVOLUTION,9032650
10003RJ,LAPIZ PASTA P.MED OFIXPRES ROJO 1.0,9033010
18476,ARCHIVADOR CARTA ANCHO BURDEO CORRIENTE PRISA,9033007
L0S08AL,CARTRIDGE HP (974X) L0S08AL NEGRO 10000 P. 477/57,9032655
CF353A,TONER HP CF353A (130A) MAG. 1000 PGN M176N/M177FW,9032655
77165,CORCHETERA NOVUS 50 HJ B8FC NEGRA 24/8 26/8,9032655
24236ES,DESODOR/AMB. AIRWICK 250ML RPTO.MATIC VAINILLA,9032650
87447,SECADOR DE MANOS ELECTRICO  A.D. 2000 WT YD-251-2,9032650
89966,AUDIFONO+MICROFONO HI-FI JACK/PLUSH 3.5 KENSING,9032655
88423,PAPELERO NEGRO MALLA 34 CMS ALTO X 30CM SELLOFFICE,9032650
19501VE,MARCADOR MULTIUSO SHARPIE VERDE,9033010
11179,ADHESIVO BARRA 40 GR PRITT STIC FIX,9032655
17471,SEPARADOR CARTA 8 DIVIS. TRANSP. C/PROTECTOR ACCO,9032655
41997,TONER HP CE411A (305A) 2.600PAG. CYAN P/M475/M451,9032655
87889,NOTA ADHESIVA STICK & WRITE 76X76 Z 100HJ AMARILLO,9032655
88206,INSECTICIDA A/SOL 560CC KILLER CASA Y JARDIN,9032650
74595,CAFE INST. GOLD 170 GR PREMIUM SELECCION,9033008
CF351A,TONER HP CF351A (130A) CYAN 1000 PGN M176N/M177FW,9032655
CF352A,TONER HP CF352A (130A) YELLOW 1000 PGN M176N/M177F,9032655
87661BL,ARCHIVADOR OFICIO C/PRES.2 AROS 3.0 BL DWILLIAMS,9033007
94656,ARCHIVADOR CARTA C/PRES.2 AROS 0.5 BLANCO D IMAGIN,9033007
11464,SOBRE OFICIO BLANCO 24X34 80GR 50UD TEKNOFAS,9032655
80237,MARCADOR PERMAN.PILOT JUMBO 6600 ROJO,9033010
82022MA,JUGO NATURAL 1.5 LT WATTS MANZANA,9033008
85032,ESCOBILLON PLAST/VIRUTEX PRO USO EXTERIOR C/MANGO,9032650
11708,PAPEL PLOTTER POLIESTER INKJET 91CMX30MT 80MIC,9032651
81130,ARCHIVADOR DOBLE CARTA 2 AROS 2 BLANCO DWILLIAMS,9033007
80580,SOBRE ACOLCHADO OFICIO # 8   29 X 37 CM,9032655
83627BL,ARCHIVADOR A-4 C/PRES.2 AROS 2.0 BL DWILLIAMS,9033007
40553,AUDIFONO+MICROFONO HI-FI USB-B KENSINGTON,9032655
99294BL,MARCADOR OLEO PILOT SCW  2MM MEDIO BLANCO,9033010
74299,PAPEL HIG. 12 ROLLOS 160 MT. H/D TORK PREMIUM,9032650
72510,CORCHETERA METALICA NOVUS 30 HJ AZUL 24/6  26/6,9032655
12141,LIMPIA PC SET K-BYTE ESPUMA TECLADO/PANTALLA X 2,9032650
10764,CORCHETES  26/ 6 DE 5000 TORRE 25HJS,9032655
81149GR,CARPETA CARTERA C/ELASTICO BUHO 5007 GRIS,9033007
91610MZ,JABON LIQ. 1 LT. TREMEX MANZANA C/GLICERINA,9032650
15379,BLOCK APUNTES 1/64 BLCO. 100 HJS. J S 13.5 X 9.95,9032651
76623,PEN DRIVE 16GB MAXELL USB FLIX,9032655
80234,MARCADOR PERMAN.PILOT JUMBO 6600 AZUL,9033010
82022FR,JUGO NATURAL 1.5 LT WATTS TUTTI FRUTILLA,9033008
91667FM,DESODOR/AMB. AIRWICK PURE 250 ML FLORES DE MAGNOLI,9032650
CZ131A,CARTRIDGE HP CZ131A (711) MAGENTA 29ML P/T120/T520,9032655
28835,TONER BROTHER TN-1060 DCP1512/HL1110/12/1202/1810/,9032655
87004,ANILLO ENCUAD. 25MM NEGRO  X 20 UD.IBICO,9032655
12609,GALLETA MCKAY VINO 155 GR.,9033008
10705,REGLA METALICA  60 CM. PROARTE INOXIDABLE,9033010
12555,DISPENSA/TOALLA C/PALANCA TORKMATIC 19744/1255,9032650
76901,LIMPIAVIDRIOS   500 CC TREMEX MULTIUSO GATILLO,9032650
10634,CORRECTOR LIQ. T.LAPIZ  PELIKAN 7 MM.,9033010
81139,BOLSA BASURA  50 X 70 ECOPLAST 10 UN. 22 MC,9032650
84752,LAVALOZA LIQ.   750 ML. VIRGINIA LIMON,9032650
11466,SOBRE SACO OFICIO KRAFT 70GR 25X36  50UD TEKNOFAS,9032655
88958,ELASTICO BLANCO BOLSA  500 GRS. 60/1.6MM,9032655
28810,PASTILLA ESTANQUE HARPIC X 2 AZUL 45 GR,9032650
44431,PORTAMINA 0.7MM FABER Z PENCIL,9033010
77171,CORCHETERA SEMI IND. NOVUS B50 150 HJ 23/6 23/8,9032655
75362,MINAS 0.5MM HB HAND,9033010
18660,ARCHIVADOR A-4 C/PRES.2 AROS 3.O BL DWILLIAMS,9033007
81580,BALDE C/ESCURRIDOR P/MOPAS 14 LTS. VIRUTEX RJ-AZU,9032650
12831,CROQUERA ESPIRAL 1/2 CARTA 100 HJ.,9032651
10033RJ,CARPETA PRESENTADOR A4 DATA ZONE E-310 ROJO,9033007
11155,CINTA ADHE. BOOK TAPE SCOTCH 3M 845 50.1 X 13.7 M,9032655
10057NG,BOLIGRAFO PILOT HI TECPOINT V5 NEGRO,9033010
82497AM,MARCADOR OLEO PILOT SCPM 2MM AMARILLO,9033010
21986,TE BOLS/EMBLEM 100 BL CEYLAN,9033008
83384,RELOJ MURAL CASIO CUADRADO IQ-02,9032655
14041,ETIQUETA INK/LASER 216X279MM  25HJ  25UN ADETEC,9032655
75085,PAPEL FOTOC. CARTA 70 GR PAPERLINE PREMIUM,9032655
82849,CALCULADORA BASICA ESCR/S 12DIG CASIO MS-20,9032655
41804,CARTRIDGE HP CN049AL (950) NEGRO 1200PAG. P/8100/8,9032655
10595NG,TINTA TAMPON TALINAY  30 CC. NEGRO,9033010
43498,DISPENS/ALCOHOL/JABON 1 LT ECO,9032650
80428,TINTA MARCADOR PERMAN.20CC ARTLINE AZUL,9033010
76884,ALCOHOL GEL 340 ML. RAYTAN AL 62% C/VIT E GLICERI,9032650
80009NG,LAPIZ PASTA P.MED TORRE ICE NEGRO. PUNTA METALICA,9033010
12422,PILA ALCALINA C MEDIANA X 2 UN. DURACELL,9032655
91618LV,DESODORANTE A/LIQUIDO 5 LTS. TREMEX LAVANDA,9032650
99513,ARCHIVADOR OFICIO ANCHO COLON 818-HB-BURDEO,9033007
18804,TOALLA PAPEL  2 ROLL.  24 MT. TREBOL TECNOROLL,9032650
88259,ENDULZANTE NATURALIST SUCRALOSA 150 TABLETAS,9033008
12446,PILA CARBON AA X 60 UN. EVEREADY,9032655
11242AM,SEPARADOR PAG. 3M BANDERITA 680-5 AMARILLO,9033007
27585,DRUM BROTHER DR-2340 DCP-L2540DW/MFCL2740/HL-L2320,9032655
71786,PAPEL HIG.  4 ROLLOS  30 MT. H/D ESENCIAL,9032650
78517,SEPARADOR PAG. 3M BANDERITA DURA 686 COLORES SURT.,9032655
78051,TAZA P/ CAFE C/PLATILLO BLANCA PORCELA STAR 100 ML,9033008
81352,PORTATACO CALENDARIO GRANDE MADERA TRUPAN,9032655
65102M7,CUADERNO UNIV. E/S 200 HJ M7 TORRE UNIVERSITY,9032651
10881,ELASTICO BLANCO BOLSA 1000 GRS. 60/1.6MM.,9032655
19676M7,CUADERNO 1/2 OFICIO 100 HJ M7 TORRE LISO,9032651
84458,LIBRETA CORRESPONDENCIA 100 HJS. REM MAX,9033007
73151,MAQUINA PLASTIF. GBC 1100 CTA/OFI/DCTA.125C MICRON,9032655
84513,DESODOR/AMB. GLADE TOQUE APARATO M/CAMPOS 12ML,9032650
80427,TINTA MARCADOR PERMAN.20CC ARTLINE NEGRO,9033010
80581,SOBRE ACOLCHADO 1/2 OFICIO # 4  20 X 27 CM,9032655
87080,TIMBRE NUMERADOR  5 MM TRODAT 1556 6 DIGITOS,9033007
78494,TOALLA PAPEL  2 ROLL.  12.6 MT. ROLI-SEC H/D,9032650
12087BL,ARCHIVADOR CARTA C/PRES.2 AROS 0.5 BL DWILLIAMS,9033007
82672,ESCOBILLON PLAST/DOnA CLORINDA C/MANGO M/USO ,9032650
99824,GOMA BORRAR FACTIS 36R (MIGA),9033010
29851C,TONER HP CB541A (125A) 1.400PAG. CYAN P/CP1215,9032655
74295,DISPENS/ALCOHOL GEL 1 LT. TORK/74304/95774/44107,9032650
86994,ESCOBILLON PLAST/VIRUTEX C/MANGO TRADICIONAL,9032650
82022PA,JUGO NATURAL 1.5 LT WATTS TUTTI PAPAYA,9033008
80192C,DESODOR/AUTO GLADE SPORT APAR. ACQUA 7 ML,9032650
12260AZ,CARPETA VINIL CARTA FAST RHEIN AZUL,9033007
91703,ENDULZANTE IANSA CERO K STEVIA SENS 250 ML LIQUIDA,9033008
13270,LAMINA TERMOL.CARNET 5  65X 95MM 125MC IBICO 100UD,9032655
24525,TONER HP CB436A (36A) 2.000PAG NEGRO P/M1522/M1120,9032655
41295,TONER HP CE321A (128A) 1.300PAG. CY CM1415/CP1525N,9032655
99832AZ,BOLIGRAFO PILOT ROL.BALL G-1-0.7 AZUL RECARG.,9033010
19575NG,MARCADOR MULTIUSO SHARPIE NEGRO,9033010
75094,PAPEL FOTOC. OFICIO 70 GR PAPERLINE,9032655
L0R90AL,CARTRIDGE HP (974A) MAGENTA 3000P. 477DW,9032655
L0R93AL,CARTRIDGE HP (974A) YELLOW 3000 PA. 477DW,9032655
92067,JABON LIQ. 5 LT. TREMEX CREMOSO HUMECTANTE,9032650
98050,GALLETA COSTA LIMON 140 GRS,9033008
17851,FORM.CONT.AUTOC.5.5 11X9.5/3/1000 ITALFORM,9032655
89080,CAFE INST. NESCAFE DOLCA 400 GR,9033008
41296,TONER HP CE322A (128A) 1.300PAG. YE CM1415/CP1525N,9032655
41297,TONER HP CE323A (128A) 1.300PAG. MG CM1415/CP1525N,9032655
83041AM,BASURERO TIPO MUNI.  240 LT. AMARILLO C/RUEDAS,9032650
83041AZ,BASURERO TIPO MUNI.  240 LT. AZUL C/RUEDAS,9032650
85582,JABON LIQ. 5 LT. NEO MECANICO BIDON,9032650
99051,CARPETA FUELLE OFICIO 1-31,9033007
80592,CINTA ADHE. MONTAJE 13 X 2 MT.3M US-0110NA ROLLO,9032655
10981NG,TINTA TAMPON TALINAY  20 CC. NEGRO,9033010
85541,CINTA MASKING 48 X 40 MT SELLOCINTAS USATAPE,9032655
15296,BOLSA BASURA  70 X 90 POLINASA 10 UNID.,9032650
19765AZ,BOLIGRAFO PILOT REXGRIP 1.0 MM RETRACTIL AZUL,9033010
92096,ALCOHOL HIGIENIZ.  500 CC TREMEX GATILLO C/GLI,9032650
65257LA,LUSTRAMUEBLES  280 CC SAPOLIO PREMIO LAVANDA,9032650
17150,ARCHIVADOR OFICIO ANCHO AUCA BURDEO,9033007
80656NG,ESPIRALES ENCUAD.10MM NEGRO  X 100 UD.IBICO 58 PAS,9032655
11911,PAPEL FOTOC. CARTA 75 GR EXECUTIVE.,9032655
34311,PAPEL HIG.  4 ROLLOS 500 MT. H/S TECNOPAPEL,9032650
70710,ALCOHOL GEL 1 LT. ELITE MULTIFLEX DISP. 91555,9032650
11242AZ,SEPARADOR PAG. 3M BANDERITA 680-2 AZUL,9033007
70711,JABON LIQ. 1 LT. ELITE MULTIFLEX ESPUMA DP.91555,9032650
84542FL,DESINFEC. A/SOL LYSOFORM 360 CC FLORAL A/BACT.,9032650
89707,PAPELERO C/PEDAL 12 LT. ACERO INOX,9032650
78749,JABON LIQ. 1.3 LT. SOFTCARE ALL PURPOSE DP.78386,9032650
12931,CHINCHES PLATEADOS X 100 UD HAND,9032655
82586,PORTACREDENCIAL C/MINICLIPS+ALFILER ADIX,9032655
17848,FORM.CONT.AUTOC.11X9.5/2/1000 ITALFORM,9032655
27298,TONER BROTHER TN-221BK HL3140/70 MFC-9130/9330/31,9032655
65646,BASURERO  36 LT. C/TAPA PEDAL SANREMO,9032650
86075,ESPONJA ABRAS/STANDARD FIBRO X 1,9032650
82497AZ,MARCADOR OLEO PILOT SCPM 2MM AZUL,9033010
40557,CINTA ROTULADORA BROTHER TZE-231 NG/BLCO 12MM PT,9032655
87837,NOTA ADHESIVA STICK & WRITE 38X51 100HJX3 AM/RO/VE,9032655
14121BL,ARCHIVADOR DOBLE CARTA 3 AROS 2.0  BL DWILLIAMS,9033007
88769,CLIPS MAGICOS 40 UN. ISOFIT 4 MM,9032655
88727RJ,CERA LIQ.   900 ML VIRGINIA AUT/BRIL. ROJA,9032650
18540DO,MARCADOR OLEO PAINT MON-AMI DORADO,9033010
74304,JABON LIQ. 1 LT. TORK HAIR & BODY,9032650
70102,PAPEL HIG.  4 ROLLOS 400 MT. H/S SCOTT,9032650
11242RJ,SEPARADOR PAG. 3M BANDERITA 680-1 ROJO,9033007
79534,PLASTICO PALETIZ. 50CMX152MT APROX 1.4-1.5KG TRANS,9033008
44448,TARJETERO C/INDICE/KARDEX 600 UND.METALI/ACRIMET,9032655
24131,CORCHETES  26/ 6 DE 5000 COLON  25HJ,9032655
16123,DISPENS/ALCOHOL 400 ML. KIMBERLY ALCOHOL SPRAY,9032650
70482,LECHE LIQ. 1 LT. LONCOLECHE STUBY 31% M/G ENTERA,9033008
80902,NOTA ADHESIVA TESANOTES 75 X 75 MM,9032655
11242VE,SEPARADOR PAG. 3M BANDERITA 680-3 VERDE,9033007
98377NG,MARCADOR PERMAN.440 PELIKAN NEGRO P.BISELADA,9033010
98140,DISPENS/JABON ALCOH. 1 LT. SECOWASH DOBLE COMPART/,9032650
22013BL,MARCADOR OLEO SHARPIE PAINT BLANCO,9033010
34313,DISPENS/JABON/ALCOHOL 1100 ML. JVD  AUTOMATICO,9032650
18760NA,MICA ENCUAD CARTA LISA NATURAL P/P 100UD,9032655
25288,CARPETA SEMINARIO DATA ZONE A4 ECO. NEGRA,9033007
63131,ETIQUETA F CONTINUO 23X 89-2C 500HJ 12000 ADETEC,9032655
28022,TONER BROTHER TN-213 C  HL-L3270CDW/3750CDW/3551CD,9032655
28023,TONER BROTHER TN-213 M  HL-L3270CDW/3750CDW/3551CD,9032655
28024,TONER BROTHER TN-213 Y  HL-L3270CDW/3750CDW/3551CD,9032655
99097,CARPETA FUELLE CARTA A-Z,9033007
85427AM,DESTACADOR SELLOBOSS AMARILLO,9033010
82632VA,GALLETA COSTA FRAC VAINILLA 130 GR.,9033008
82497NG,MARCADOR OLEO PILOT SCPM 2MM NEGRO,9033010
88661,PORTAMINA 0.5MM PENTEL FIESTA,9033010
81380,DISPENSADOR CINTA EMBALAJE C/MANGO HAND,9032655
28021,TONER BROTHER TN-213 BK HL-L3270CDW/3750CDW/3551CD,9032655
79477,DISPENSA/TOALLA INT/LIADA ELITE ACERO INOXIDAB,9032650
81498,ETIQUETA F CONTINUO 36X102-2C 500HJ 8000 ADETEC,9032655
99098,CARPETA FUELLE OFICIO A-Z,9033007
15221NG,LAPIZ PASTA P.MED TORRE GOLD-M NEGRO.,9033010
83443BL,ARCHIVADOR CARTA C/PRES.3 AROS 3.0 BLANCO -D- ACCO,9033007
27301,TONER BROTHER TN-221M HL3140/70 MFC-9130/9330/9331,9032655
27302,TONER BROTHER TN-221Y HL3140/70 MFC-9130/9330/9331,9032655
12433,LIMPIADOR M/USO   500 CC GLASSEX GATILLO,9032650
27299,TONER BROTHER TN-221C HL3140/70 MFC-9130/9330/9331,9032655
85757,PUSH-PINS ISOFIT CJA 100 UNIDADES ISOFIT,9032655
29505,PIZARRA CORCHO 1.00 X 1.50 MT. BISILQUE,9032655
24236,DESODOR/AMB. AIRWICK 250ML RPTO.MATIC LAVANDA,9032650
87307,DISPENS/JABON  950 ML. RELLENABLE FIUME DIVERSEY,9032650
29031,TOALLA PAPEL  2 ROLL.180 MT. TECNOROLL H/S,9032650
84729,TE BOLS/LIPTON YELLOW LABEL  20 BL.,9033008
84540,BOLSA ALMACEN. ZIPLOC 24 X 27  15 UN C/CIERRE,9033008
10647,CORRECTOR ROLLER ADIX 6MTX5MM,9032655
84542LV,DESINFEC. A/SOL LYSOFORM 360 CC LAVANDA A/BACT.,9032650
29261,CORCHETERA GRANDE METALICA TORINI,9032655
26904,BASURERO TIPO MUNI.  120 LT. VERDE C/RUEDAS,9032650
87831,NOTA ADHESIVA STICK & WRITE 50X50 250HJ CUBO NEON,9032655
82022KI,JUGO NATURAL 1.5 LT WATTS KIWI,9033008
84485,ESPONJA OLLA DORADA OROTEX ECONOMICA VIRUTEX,9032650
84593,ESPONJA ABRAS/CLASICA VIRUTEX X 4 UN,9032650
99529,CARPETA FUELLE CARTA 1-31,9033007
18518,DISPENSADOR CINTA ADHESIVA ISOFIT MEDIANO,9032655
34052,ACCOCLIPS FASTENER PLATEADO 50 UNID. BALI,9032655
12668AZ,PLUMON PIZARRA TRATTO AZUL,9033010
81070AZ,CARPETA VINIL CARTA FAST PIGMEN. TORRE AZUL,9033007
80350AM,DESTACADOR MON-AMI JUMBO 604 HIGHLIGHTER AMARILLO,9033010
72522,TRITURADORA PAPEL DAHLE 22017 5 HJ CHALLA,9032655
20140,LIMPIA PANTALLA K-BYTE CRISTAL LIQUIDO P/NOTEBOOK,9032650
36077,LIBRO ACTAS 100 HJ.AUCA N 532-F 100,9033007
84491,MOPA HUMEDA ALGODON 16 ONZ.(496GR) S/MANGO 84493,9032650
77659,PORTACREDENCIAL COLGANTE VERT.ADETEC 3611 UNIDAD,9032655
10080,PORTAMINA 0.7MM ARTE & COR COLORES SURTIDOS,9033010
14068,ETIQUETA INK/LASER CD 25 HJ 50 UN ADETEC,9032655
87278,PAPEL HIG.  4 ROLLOS 100 MT. H/S NESS,9032650
76903,LIMPIAVIDRIOS  5 LT. TREMEX MULTIUSO,9032650
81256,CORCHETES REXEL 66/11 X 5000 UD P/CORCHETERA GIANT,9032655
81416,BASURERO  60 LT. C/TAPA VAIVEN 41X31X74 RECTAN.BE,9032650
82893,ETIQUETA INK-JET P/CD 10HJ. 117.5MM ADETEC,9032655
78306,PILA ALCALINA AAA X  2 UN. ENERGIZER,9032655
10001NG,LAPIZ PASTA P.MED BIC CRISTAL NEGRO.,9033010
99206,CUCHARA METALICA PARA CAFE,9033008
16150,NOTA ADHESIVA HIGHLAND POST-IT 653 - 9 CHICO AMARI,9032655
82497RJ,MARCADOR OLEO PILOT SCPM 2MM ROJO,9033010
79502BL,ARCHIVADOR CARTA C/PRES.2 AROS 3.0 BLANCO ACCO,9033007
81378,BANDEJA ESCRITORIO DOBLE MADERA TRUPAN,9032655
76875,CINTA ADHE. CRISTAL 18 X 25 MT. 3M REF: 500,9032655
36014NG,LAPIZ PASTA PILOT BP1 C/GRIP 1.0 RECTRATIL NEGRO,9033010
10001RJ,LAPIZ PASTA P.MED BIC CRISTAL ROJO.,9033010
91667BR,DESODOR/AMB. AIRWICK PURE 250 ML BRISA REFRESCANTE,9032650
80700,CUADERNO  INDICE M7 100 HJ.REM MAX,9032651
91701,ENDULZANTE IANSA CERO K SUCRALOSA 250 ML LIQUIDO,9033008
81057,CARPETA VINIL OF.FAST PIGMEN.RHEIN AZUL,9033007
91777,ALCOHOL GEL 1 LT. VIRUTEX-PRO 70 %,9032650
76624,PEN DRIVE 32GB MAXELL USB FLIX,9032655
11729,PAPEL HIG.  4 ROLLOS 500 MT. H/S TECNOROLL,9032650
80582,SOBRE ACOLCHADO 1/4 OFICIO # 2  14 X 20 CM,9032655
12463BM,ESCOBILLON MUNICIPAL 30 CM BASE MADERA C/MANGO,9032650
80655NG,ESPIRALES ENCUAD.08MM NEGRO  X 100 UD.IBICO 58 PAS,9032655
88421,PORTALAPIZ METALICO REJILLA CHICO 7.0 X 11 CM,9033010
70707,JABON LIQ. 1 LT. ELITE MULTIFLEX GLICERIN DP.91555,9032650
10890,ELASTICO COLOR BOLSA  500 GRS. 50/1.5MM HAND,9032655
10476NG,LAPIZ TRANSP. PILOT PERM.MEDIO SC-OHM 0.8 NEGRO,9033010
78308,PILA ALCALINA AA X  2 UN. ENERGIZER,9032655
83622BL,ARCHIVADOR A-4 C/PRES.2 AROS 1.0 BL DWILLIAMS,9033007
80666NG,ESPIRALES ENCUAD.32MM NEGRO X 25 UD.IBICO 58 PAS,9032655
76249,LIBRETA MANIFOLD TRIPLICADA AUTOCOP. CORRIENTE,9033007
28683,REPTO. CUCHILLO CARTON GRANDE STANLEY 11-718 5UD,9032655
17494,CUCHILLO OLFA EXL EXTRALARGO (RPTOS. 82930/ 14002),9032655
99774,PORTAMINA 0.9MM ISOFIT 2009,9033010
14038,ETIQUETA INK/LASER 101X 34MM  25 HJ  350 UN ADETEC,9032655
10747,CORCHETES BOSTITCH B-8    3/ 8  5000 STCR-2115,9032655
80953,ARCHIVADOR CARTA C/PRES.3 AROS 1.0 BL DWILLIAMS,9033007
10595AZ,TINTA TAMPON TALINAY  30 CC. AZUL,9033010
94658,ARCHIVADOR CARTA C/PRES.2 AROS 1.5 BLANCO D IMAGIN,9033007
76899,LAVALOZA LIQ.   750 ML. TREMEX CITRUS C/BICAR,9032650
89519,CORRECTOR LIQ. T.LAPIZ FABER CASTELL  7 ML,9032655
99420,CORDEL PLASTICO CORRIENTE 1 KILO No. 8 (1000MT.APR),9032650
83889,JABON LIQ. 5 LT. NEO DELICADO BIDON,9032650
10017VE,LAPIZ PASTA PILOT BP-S P.MEDIA 1.0 VERDE,9033010
82930,REPTO. CUCHILLO CARTON GRANDE OLFA LB-10/10.UNDS,9032655
86500,INSECTICIDA A/SOL 360CC BAYGON CASA Y JARDIN,9032650
84847AM,PAPEL FOTOC.  COLOR CARTA AMARILLO 500 HJ.,9032651
81138,SEPARADOR A-4 VINILICO 10 POS. COLORES DATA ZONE,9033007
84126,ETIQUETA AVERY  5260  25X 67 BL LASER 30XHJ 25HJ,9032655
12464,MOPA LIMPIEZA VIRUTEX MOPA C/MANGO 30 CM ALGODON,9032650
25422,CINTA ROTULADORA BROTHER DK-1201 ETIQUET 29MMX90.3,9032655
75365OR,MARCADOR OLEO LUXOR ORO,9033010
19884,PORTACLIPS PLASTICO REDONDO 2 DIV. ADIX,9032655
99781,ANILLO ENCUAD. 11MM NEGRO  X 50 UD.IBICO,9032655
12340,PIZARRA CORCHO 0.45 X 0.60 MT. BISILQUE,9032655
21163,PERFORADOR  70 HJ INDUSTRIAL ADIX NEGRO,9032655
88289,ESCOBILLON PLAST/VIRUTEX ECOLOGICO C/MANG/MADERA,9032650
83477,PERFORADOR  32 HJ ACCO RF-350  3 HOYOS,9032655
83171,MAGO PADS 4 ROLL.C/JABON LANA ACERO OLLA VIRUTEX,9032650
84538VA,DESODOR/AMB. GLADE TOQUE RECARGA VAINILLA,9032650
71066,CAJA ARCHIVO DOBLE-STANDARD RHEIN,9033007
84569,DISPENSA/PAPEL HIG. ELITE 600MT METALICO JUMBO,9032650
84130,ETIQUETA AVERY  5161  25X102 BL LASER 20XHJ 100HJ,9032655
10981AZ,TINTA TAMPON TALINAY  20 CC. AZUL,9033010
99832NG,BOLIGRAFO PILOT ROL.BALL G-1-0.7 NEGRO RECARG,9033010
18836,TRAPERO DOBLE C/OJAL 50X50 ALGODON MGF,9032650
10399BL,ARCHIVADOR OFICIO C/PRES.2 AROS 1.5 BL DWILLIAMS,9033007
91667CI,DESODOR/AMB. AIRWICK PURE 250 ML CITRICO MEDITERRA,9032650
82497VE,MARCADOR OLEO PILOT SCPM 2MM VERDE,9033010
11043AZ,MARCADOR PERMAN.BIC DESECH.P/RED. AZUL,9033010
12567,PAPEL HIG.  4 ROLLOS 600 MT. H/S ELITE JUMBO BLANC,9032650
76988,LUSTRAMUEBLES  500 CC TREMEX,9032650
85196,CONFITE FRUGELE GOMITA AMBROSOLI 430 GRS.,9033008
76870,PILA ALCALINA D GRANDE  X 2 UN. ENERGIZER MAX,9032655
92211,LECHE LIQ. 1 LT. SOPROLE DESCR.S/LACTOSA T/ROSCA,9033008
80617M7,BLOCK ANILLADO UNIVERSITARIO COLON M7 80 HJ.,9032651
18694,TOALLA PAPEL CLINIC IN/FOL ELITE B/CA X 200 UND HD,9032650
29703,CARTRIDGE BROTHER LC-3019BK NEGRO J5330/J6530/J693,9032655
83449BL,ARCHIVADOR CARTA C/PRES.2 AROS 1.5 BLANCO -D- ACCO,9033007
85539,CINTA MASKING 24 X 40 MT SELLOCINTAS USATAPE,9032655
83889RO,JABON LIQ. 5 LT. NEO ROCIO BIDON,9032650
10098,LAMINA TERMOL.OFICIO 5 229X368MM 125MC IBICO 100UD,9032655
65934AZ,TINTA CARTUCHO PLUMON PIZARRA SDI AZUL,9033010
80901,NOTA ADHESIVA TESANOTES 100 X 75 MM,9032655
14048,ETIQUETA INK/LASER 101X 51MM  50 HJ  500 UN ADETEC,9032655
83105,PLUMILLA LAVA VIDRIO VIRUTEX M/LARGO 38CMX20CM,9032650
12666AM,DESTACADOR TRATTO VIDEO AMARILLO P/BISELADA,9033010
77211LA,LIMPIADOR PISO 900 CC SAPOLIO LAVANDA,9032650
91507,DISPENSA/PAPEL HIG. ELITE JUMBO EVOLUTION ROLLO,9032650
80350CE,DESTACADOR MON-AMI JUMBO 604 HIGHLIGHTER CELESTE,9033010
66066,PAPEL HIG.  6 ROLLOS 207 MT. H/D TORK SMARTONE,9032650
17591,LAPIZ GRAFITO No.2 ADIX HB HEXAGONAL C/GOMA.,9033010
83961,PAnO ABSORB/ESPONJA X  3 POREX 18,9032650
98378NG,PLUMON PIZARRA 442 PELIKAN NEGRO P.BISELADA,9033010
98077,BOLSA BASURA  80 X 120 40 MC TRAB.PESADO X 10 UND,9032650
13767,TIJERA  5.0  (12.70CM) ESCOLAR MANGO PLASTICO,9033009
80943,REPTO. PUNZON PERFORADOR REXEL HD 2150,9032655
71282,PIZARRA MIXTA 0.60 X 0.90 MT. BISILQUE,9032655
82590NG,ANILLO ENCUAD. 12MM NEGRO  X 50 UD.IBICO,9032655
91523,DISPENS/JABON  900 ML. RELLENABLE EVOLUTION,9032650
87631,CORDEL OVILLO PULIDO CARTA 400GR,9032655
80336NG,PEINE ENCUAD CTA  4 PTAS 25U VELOBINDER NG IBICO,9032655
29251,DOBLE CLIPS NEGROS 1.5/8- 41MM X 12UN TORINI,9032655
13184,CINTA TRANSFERIBLE 12 X 50 MT TESA,9032655
11145,CINTA ADHE. INVISIBLE 18X66 MT MAGICA 3M 810,9032655
89232FR,JABON LIQ.  340 ML. KLAREN FRESH C/DOSIFICADOR,9032650
11043RJ,MARCADOR PERMAN.BIC DESECH.P/RED. ROJO,9033010
89879,LIBRO ASISTENCIA 100 HJ. REM MAX EMPASTADO,9033007
99605,SOBRE 1/2 CARTA BLANCO 15X23  50 UD TEKNOFAS,9032655
29260,CORCHETERA MEDIANA METALICA TORINI,9032655
29586AZ,BOLIGRAFO GEL 0.7 FABER TRUE GEL AZUL,9033010
11418M7,BLOCK PREPIC-PERF.CARTA M7 COLON,9032651
10752,CARPETA C/ELAST.OFICIO DOCU MANAGER COL.SURTIDO,9033007
85203,CINTA MASKING 18 X 40 MT ISOTAPE,9032655
10835,CLIPS No.1 PUNTA REDONDA TORRE X 100 UN. 33 MM,9032655
11825,PAPEL FOTOC. DOBLE CARTA 75 GR CHAMEX.,9032655
85435VE,PLUMON PIZARRA SELLOBOARD P.RED. VERDE,9033010
84802VA,DESINFEC. A/SOL IGENIX 360 CC VAINILLA A/BACT.,9032650
83825AZ,LAPIZ PASTA P.FINA BIC ORANGE AZUL.,9033010
36035CH,CEREAL BARRA COSTA CHOCOLATE X 20 UDS,9033008
36035FR,CEREAL BARRA COSTA FRUTOS ROJOS + YOGURT X 20 UDS,9033008
11294,ETIQUETA INK/LASER  70X 25MM  25HJ   825UN ADETEC,9032655
98184,CLORO  2 LT. IMPEKE CONCENTRADO TRADICIONAL 2.62%,9032650
14291LV,JABON LIQ. 1 LT. TREMEX CARE LAVANDA C/GLIC. P/DIS,9032650
91555,DISPENS/JABON 1 LT. ELITE MULTIFLEX EVOLUTION,9032650
73174,NOTA ADHESIVA PELIKAN MEDIANO 654 CUBO 4 COLORES,9032655
78385,PILA CALCULADORA ENERGIZER CR-2032 3V LITHIUM X5UN,9032655
16515,TIJERA  6.0  (14.00CM) PROARTE PUNTO ROJO BLISTER,9032655
12666VE,DESTACADOR TRATTO VIDEO VERDE P/BISELADA,9033010
12668VE,PLUMON PIZARRA TRATTO VERDE,9033010
34308,TOALLA PAPEL  2 ROLL.280 MT. TECNOPAPEL H/S,9032650
99404CA,CERA CREMA  400 GR NUGGET SACHET CAOBA,9032650
88946,LAMINA TERMOL.CARTA 5 229X292MM 125MC IBICO 100UD,9032655
66065,DISPENSA/PAPEL HIG. TORK 207 MTS. SMARTONE,9032650
83624BL,ARCHIVADOR A-4 C/PRES.2 AROS 1.5 BL DWILLIAMS,9033007
86875,PERFORADOR  10 HJ SWINGLINE METAL MP-100 2 HOYOS,9032655
28047,PAPEL FOTOC. CARTA 72 GR ECO NATURAL REPROGRAF 500,9032655
14259,MOPA LIMPIEZA SECOWASH MOPA C/MANGO 30 CM ALGODON,9032650
98378RJ,PLUMON PIZARRA 442 PELIKAN ROJO P. BISELADA,9033010
12724,SEPARADOR A-4 VINILICO 31 POS. GRIS DATA ZONE,9033007
82044L,BEBIDA LATA 350CC FANTA MENOS AZUCAR,9033008
85933NG,BOLIGRAFO GEL 0.7 TORRE NEGRO.,9033010
81088BL,ARCHIVADOR CARTA C/PRES.3 AROS 0.5 BL DWILLIAMS,9033007
10001AZ,LAPIZ PASTA P.MED BIC CRISTAL AZUL.,9033010
21931,TE BOLS/HIERBAS SUPREMO 100 BL SURTIDOS,9033008
52849,BOLSA BASURA BIOROLLO  80 X 120 10 UN. VIRUTEX,9032650
84463,SEPARADOR CARTA 6 DIVIS. BLANCO DWILLIAMS,9033007
16645,BOLSA BASURA 100 X 130 60 MC TRAB.PES.X 5 UN.,9032650
83741,LIMPIADOR A/HONGOS 500 CC CLOROX GATILLO,9032650
25200,TIJERA  6.25 (16 CM) TORRE  BLISTER,9032655
80336,PEINE ENCUAD CTA  4 PTAS 25UD VELOBIN.DESK AZ IBIC,9032655
12869XS,GUANTES EXAM.LATEX T-XS C/100 C/POLVO BLANCO TRESO,9032650
18985,ETIQUETADORA MOTEX 5500 FECH/ ELAB-VENCIM,9032655
18517,DISPENSADOR CINTA ADHESIVA ISOFIT CHICO,9032655
84072NG,MARCADOR PERMAN.ARTEL PTA.BIS. 60 NEGRO,9033010
12666NJ,DESTACADOR TRATTO VIDEO NARANJA P/BISELADA,9033010
92035,TOALLAS DESINF. VIRUTEX 50 UN POCKET LIMON EASY CL,9032650
87001NG,ANILLO ENCUAD. 15MM NEGRO  X 25 UD.IBICO,9032655
83949,VIRUTILLA P/PISO No.4 VIRUTEX MEDIANA REGULAR,9032650
16610,PIZARRA BLANCA 0.20 X 0.25 CM. BORDES/BISEL.,9032655
98378VE,PLUMON PIZARRA 442 PELIKAN VERDE P.BISELADA,9033010
14035,ETIQUETA INK/LASER  70X 35MM  25HJ 600 UN ADETEC,9032655
94663,ARCHIVADOR CARTA C/PRES.3 AROS 2.0 BLANCO D IMAGIN,9033007
D413862,CARPETA MULTIMATERIA RHEIN,9033007
36254,PORTAMINA 0.3MM PILOT PROGREX BEGREEN AZUL/NEGRO,9033010
71787,PAPEL HIG.  4 ROLLOS  30 MT. H/D TECNOPAPEL,9032650
99696NG,CARPETA CARTERA C/ELASTICO DATA ZONE VINIL NEGRO,9033007
44453NG,BANDEJA ARTICULADA TRIPLE ACRILICA NEGRA ACRIMET,9032655
28707,CINTA ROTULADORA BROTHER DK-2251 N/RJ/BLANCO 62MM,9032655
44462NG,ORGANIZADOR PARA CAJON ESCRITORIO NEGRO ACRIMET,9032655
17217,CINTA MASKING 18 X 40 MT 3M REF:2210,9032655
65934RJ,TINTA CARTUCHO PLUMON PIZARRA SDI ROJA,9033010
83123,GUANTES LATEX M/USO VIRUTEX S GAMUZADO AMARILLO,9032650
80694,CUADERNO  EMPASTADO LI 100 HJ. BUHO 5603,9032651
84241,SEPARADOR CARTA 1-31 MULTICOLOR C/IND AVERY 11129,9033007
21938AZ,CARPETA VINIL A4 PIGMEN. DATA ZONE AZUL,9033007
94662,ARCHIVADOR CARTA C/PRES.3 AROS 1.5 BLANCO D IMAGIN,9033007
19854,REGLA METALICA  40 CM. NEOLITE,9032655
12700NG,CARPETA C/FUNDA DATA ZONE FM-020 OFICIO NEGRO,9033007
80544CE,ROLLO ATENCION PUBLICO SU TURNO X 3000UD CELESTE,9032651
25119,ADHESIVO BARRA 36 GR STICK IMAGIA TORRE,9032655
83002NG,PERFORADOR  20 HJ ISOFIT PP-25 NEGRO MEDIANO,9032655
29701,CARTRIDGE BROTHER LC-3019C CYAN J5330/J6530/J6930,9032655
29702,CARTRIDGE BROTHER LC-3019M MAG. J5330/J6530/J6930,9032655
29704,CARTRIDGE BROTHER LC-3019Y YELLOW J5330/J6530/J693,9032655
91752,JABON LIQ. 5 LT. EXCELL GLICERINA,9032650
10655,CUCHILLO CARTONERO GRANDE C/FRENO SELLOFFICE T-312,9032655
85933RJ,BOLIGRAFO GEL 0.7 TORRE ROJO.,9033010
82898,CUCHILLO OLFA CHICO 180 BLACK (RPTO.81515),9032655
81444,ATOMIZADOR PLASTICO 500 CC LALMS,9032650
23617,CARTRIDGE EPSON T073120 NG.C79/CX3900/CX4900/CX590,9032655
88757NG,PERFORADOR  10 HJ ISOFIT PM-10 C/GUIA NEGRO,9032655
87003NG,ANILLO ENCUAD. 20MM NEGRO  X 20 UD.IBICO,9032655
23618,CARTRIDGE EPSON T073220 CYAN C79/CX3900/4900/5900,9032655
23619,CARTRIDGE EPSON T073320 MAGEN C79/CX3900/4900/5900,9032655
23628,CARTRIDGE EPSON T073420 YELLOW C79/CX3900/4900/590,9032655
16234,CINTA ADHE. INVISIBLE 19X25 MT MAGICA 3M 810,9032655
89404,CARTULINA BLANCA SOLIDA 77X110 180GR PLIEGO,9032651
14292,JABON LIQ. 1 LT. TREMEX CARE C/TRICLOSAN P/DISPENS,9032650
75745MA,LAVALOZA LIQ.   750 ML. SAPOLIO MANZANA,9032650
13280PWP,DESINFEC. W.C. HARPIC LIQ.POWER PLUS T/PATO 750 ML,9032650
36035GO,CEREAL BARRA COSTA GOLDEN X 20 UDS,9033008
80544,ROLLO ATENCION PUBLICO SU TURNO X 3000UD AMARILLO,9032651
80544BL,ROLLO ATENCION PUBLICO SU TURNO X 3000UD BLANCO,9032651
80557,CALCO LAPIZ KORES-FILM OFICIO  25 HJS.,9032655
88373,MOPA SECA 90 CM AVION REPUESTO VIRUTEX-PRO,9032650
12701NG,CARPETA C/FUNDA DATA ZONE AM-010 A-4 NEGRA,9033007
11043NG,MARCADOR PERMAN.BIC DESECH.P/RED. NEGRO,9033010
81176,PAPELERO ESMALTADO GRIS OSCURO,9032650
81058,CARPETA VINIL OF.FAST PIGMEN.RHEIN SURTIDO,9033007
83668,DISPENS/JABON  400 ML. JOFEL A GRANEL,9032650
26959,PILA BATERIA 9V MAXELL,9032655
17849,FORM.CONT.AUTOC.11X9.5/3/500 ITALFORM,9032651
81358,PORTATACO CALENDARIO CHICO MADERA TRUPAN,9032655
78397,PAPEL FOTOC. CARTA 75 GR ECO NATURAL LEDESMA,9032655
65251,LIMPIAVIDRIOS   650 CC SAPOLIO GATILLO LAVANDA,9032650
99040,LIBRETA MENSAJE TELEF.-Y DEJO DICHO QUE-J.S. 50 HJ,9033007
83913,SEPARADOR CARTA 6 DIVIS. COLOR OPACO HALLEY,9033007
89585AZ,MICA ENCUAD CARTA LISA X 100 UDS IBICO AZUL,9032655
11460,SOBRE CARTA BLANCO 12.4X15.4  80GR  50UD TEKNOFAS,9032655
59101PL,BOLIGRAFO GEL 0.8 METALICO TORRE PLATEADO,9033010
91610LV,JABON LIQ. 1 LT. TREMEX LAVANDA C/GLICERINA,9032650
86511,PILA RECARGABLE AA X 2 MACROTEL 2700 MA NI/MET HYB,9032655
12165,ARCHIVADOR OFICIO ANGOSTO RHEIN RADO BURDEO,9033007
83697,TECLADO INALAMBRICO PROFIT KENSINGTON,9032655
13505,CUADERNO UNIV. E/S 100 HJ M7 AUCA LISO.,9032651
77167,SACACORCHETE PINZA NOVUS B80,9032655
17485AZ,MARCADOR MULTIUSO BIC C/GRIP PTA.RDA. AZUL,9033010
99451,CORDEL PLASTICO CORRIENTE 250 GRS. FILMPLAS OVILLO,9032650
89121,CUCHILLO CARTONERO CHICO C/FRENO SELLOFFICE T-322,9032655
12231AZ,ARCHIVADOR VINIL. OFICIO 2 AROS AZ RHEIN 312206-9,9033007
89585HU,MICA ENCUAD CARTA LISA X 100 UDS IBICO HUMO-GRIS,9032655
14047,ETIQUETA INK/LASER 101X 25MM 50 HJ 1000 U ADETEC,9032655
12665AM,DESTACADOR TRATTO TIPO LAPIZ FLUOR AMARILLO,9033010
86656,ETIQUETA TRANSP INK/LAS 216X279MM 25 H ADETEC,9032655
89547,DISPENSADOR NALP CLIP + 10 CLIP SELLOFFICE,9032655
87276,TOALLA PAPEL TECNOROLL INT/FOL B/CA X 10X250 H/S,9032650
83629BL,ARCHIVADOR OFICIO C/PRES.3 AROS 2.0 BL DWILLIAMS,9033007
10687,DISPENS/JABON 1 LT. A.D.GRANEL 18AL/8FON/9ANC,9032650
84903,INSECTICIDA A/SOL 360CC RAID MAX ARAnA Y CUCA,9032650
12666CE,DESTACADOR TRATTO VIDEO CELESTE P/BISELADA,9033010
10057AZ,BOLIGRAFO PILOT HI TECPOINT V5 AZUL,9033010
15302,TAMPON DACTILAR TRODAT PAD 9094,9032655
98849,LIMPIADOR M/SUPERF. 900 ML EXCELL C/AMONIO CUATERN,9032650
21440,ARCHIVADOR OFICIO ANGOSTO AUCA BURDEO,9033007
12230NG,ARCHIVADOR VINIL. CARTA  2 AROS NG RHEIN1.5 312208,9033007
91648,MILO POLVO 1 KL. BOLSA ACTIV-GO,9033008
86930,MOPA PLANA 45 CM VIRUTEX C/MANGO MICROFIBRA,9032650
85540,CINTA MASKING 36 X 40 MT SELLOCINTAS,9032655
81101,SEPARADOR CARTA MENSUAL J.S.,9033007
19926,ESCOBILLON PLAST/DOnA CLORINDA C/MANGO M/USO ,9032650
92024,LIMPIADOR BAnO  5 LT NEO DESINCR. SACA SARRO ,9032650
40208,TOALLA PAPEL  2 ROLL.190 MT. RENDIPEL PRO H/S,9032650
21169,CUCHILLO OLFA GANCHO HOK-1 (RPTO.73255),9032655
81065,PORTACLIPS MAGNETICO CUADRADO CTE.,9032655
99679NG,ANILLO ENCUAD. 22MM NEGRO  X 20 UD.IBICO,9032655
83109,GUANTES LATEX M/USO VIRUTEX L GAMUZADO AMARILLO,9032650
89626,PORTAMINA 0.9MM LAPOINTE METALICO,9033010
10263AZM,ARCHIVADOR OFICIO ANCHO TORRE TOP AZUL MARINO.,9033007
10781,CORCHETES BOSTITCH B-8    1/ 4  5000 STCR-2115,9032655
99695GR,CARPETA VINIL OFICIO ACCOCLIP FASTENER TORRE GRIS,9033007
81229,GOMA BORRAR ISOFIT 526-30,9033009
87805,LIBRO ACTAS 400 HJ.ORGAREX 21308,9033007
12665VE,DESTACADOR TRATTO TIPO LAPIZ FLUOR VERDE,9033010
85933AZ,BOLIGRAFO GEL 0.7 TORRE AZUL.,9033010
18540PL,MARCADOR OLEO PAINT MON-AMI PLATEADO,9033010
99696TR,CARPETA CARTERA C/ELASTICO DATA ZONE VINIL TRANP.,9033007
12471,VIRUTILLA P/PISO No.2 VIRUTEX MEDIANA FINA,9032650
99404NA,CERA CREMA  400 GR NUGGET SACHET NAT. (AMARILLA),9032650
88208,INSECTICIDA A/SOL 560CC KILLER ARAnA Y CUCAR,9032650
76550,CAJA CHICA C/LLAVE HAND 15 X 12 X 8 CM,9033007
10839,CLIPS METALICO 50MM PTA.REDONDA TORRE RANURADO 50U,9032655
78399,TOALLA PAPEL  2 ROLL.200 MT. ELITE D/H,9032650
19920,CUCHILLO OLFA EXTRAGRANDE H1+PZA CAUCHO(RPTO.83223,9032655
91613,LIMPIADOR BAnO  5 LT T,9032650
91671HI,JABON LIQ.  750 ML. SIMOND-S HIGIENIC D/PACK DERM,9032650
26899,CINTA ROTULADORA BROTHER DK-1208 38MM X 90MM 400U,9032655
81705,BOLSA BASURA 100 X 150 TRASPAR.50 MC X 5 UN INDEXP,9032650
99662,LIMPIAMETALES 200 CC BRASSO,9032650
10851,FUNDA PLASTICA CARTA X 100 UD LOMO BL BUBBA ART,9032655
87593,CORCHETES  23/10 DE 1000 SELLOFFICE,9032655
12574,TOALLA PAPEL  2 ROLL.  24 MT. H/D TORK,9032650
15222AZ,BOLIGRAFO GEL 0.5 TORRE AZUL.,9033010
84802,DESINFEC. A/SOL IGENIX 360 CC LAVANDA A/BACT.,9032650
84251,SEPARADOR OFICIO 6 POSIC. BLANCO DWILLIAMS,9033007
17813,CINTA ADHE. CRISTAL 18 X 20 MT. TESA BOLSA,9032655
79729,CARTRIDGE HP CZ115AL (670) MAGENTA 300PAG.,9032655
86514,PILA BATERIA 9V MACROTEL RECARGABLE 160MAH,9032655
85971NJ,DESTACADOR BOLSILLO SELLOHILITER NARANJA,9033010
81635NG,CARPETA C/FUNDA DATA ZONE AM-060 A-4 NEGRO,9033007
81098,SEPARADOR CARTA DIARIO NUMERICO JS 1-31,9033007
25385VE,DESTACADOR PELIKAN 414 MARCATEXTOS VERDE,9033010
85163,PAPEL MANTEQUILLA 34 GR 80X100 R/50 PLGOS,9032651
44020,CORCHETES  23/15 DE 1000 RAPID PARA 120 HOJAS,9032655
70172,CORCHETES  23/24 DE 1000 NOVUS,9032655
24112,ESCOBILLON PLAST/LASER 14-016 ITALIANO,9032650
12869,GUANTES EXAM.LATEX T-M C/100 C/POLVO BLANCO TRESOR,9032650
77211MZ,LIMPIADOR PISO 900 CC SAPOLIO MANZANA,9032650
85537,CINTA MASKING 12 X 40 MT SELLOCINTAS USATAPE,9032655
83750,CARPETA C/PRESENT. FLEXIBLE 20HJ B/CO C/ACCO CLIPS,9033007
71067,CAJA ARCHIVO PER/NTE RHEIN 4 ARCHIVADORES,9033007
85689NG,CARPETA C/FUNDA DATA ZONE FM-040 OFICIO NEGRA,9033007
88817,TOALLA PAPEL  2 ROLL.250 MT. ELITE ECONOMICO H/S,9032650
81786MG,DESODOR/AMB. AIRWICK 240 ML FLORES DE MAGNOLIA,9032650
88659,CORRECTOR LIQ. T.LAPIZ ARTEL 7 ML.,9032655
10263RJ,ARCHIVADOR OFICIO ANCHO TORRE TOP ROJO,9033007
83791,ESCOBILLON PLAST/ROMMEL C/MANGO TRADICIONAL,9032650
12524CF,BETUN CALZADO PASTA 65 GR NUGGET CAFE #4,9032650
11096,ESPONJERO MOJA DEDOS GOMA,9032655
80697,SEPARADOR INDICE A-Z STANDARD JS  P/ARCHIVADORES,9033007
12702NG,CARPETA C/FUNDA DATA ZONE AM-020 A-4 NEGRA,9033007
10737NG,CORCHETERA METALICA TORRE B-4 NEGRA MEDIANA,9032655
25398,SACAPUNTA SOBREMESA MANUAL NEGRO O AZUL ADIX,9032655
83621BL,ARCHIVADOR OFICIO C/PRES.3 AROS 1.5 BL DWILLIAMS,9033007
98232,TRAPERO DOBLE C/OJAL 45X45 SECOWASH ALGODON,9032650
19893,CORCHETES  23/13 DE 1000 ADIX HASTA 100 HJS,9032655
78354,CUCHILLO OLFA GRANDE L-5 CUERPO GRIP (REPTO.82930),9032655
14291FL,JABON LIQ. 1 LT. TREMEX CARE FLORAL C/GLIC. P/DISP,9032650
17312,PAnO ABSORB/CELULOSA X  1 CLEAN 40 X 37 AMA,9032650
18739,REPTO. DISCO PERFORADOR PLAST.HD 2150/2300 X 10 UN,9032655
76902,LIMPIAVIDRIOS   500 CC TREMEX MULTIUSO RECARGA,9032650
10810NG,PERFORADOR  20 HJ COLON MEDIANO P7 NEGRO AJUSTABL,9032655
12174,ARCHIVADOR LETRA ANCHO BUHO  2900,9033007
25911VE,TINTA CARTUCHO PLUMON PIZARRA PILOT VBOARD VERDE,9033010
89096,CUCHILLO CARTONERO GRANDE ISOFIT 70 C/FRENO,9032655
85703CE,CARPETA CARTERA C/ELASTICO TORRE OFICIO AZUL CARTU,9033007
10812NG,PERFORADOR  30 HJ TORRE MEDIANO 8-NEGRO,9032655
11470,SOBRE SACO EXTRA OFICIO AMARILLO 30X40  50UD,9032655
11727,TOALLA PAPEL  2 ROLL.300 MT. TECNOROLL H/S,9032650
91025,ATOMIZADOR PLASTICO 1.5 LT S.W.,9032650
89295,CAFE INST. NESCAFE TRADICION  420 GR GRANULADO TAR,9033008
99512,ARCHIVADOR OFICIO ANGOSTO COLON 815-HB-BURDEO,9033007
81786LV,DESODOR/AMB. AIRWICK 240 ML LAVANDA,9032650
51112,ESPONJA OLLA ACERO GALVANIZADO  MANLAC,9032650
21897,TE BOLS/SUPREMO CEYLAN  20 BL LINEA ORO.,9033008
75365PL,MARCADOR OLEO LUXOR PLATA,9033010
29466,PILA LITIO DURACELL LR44/76 X 1 UN.,9032655
87036,CINTA ADHE. CRISTAL 18 X 50 MT. 3M REF: 305,9032655
85352,CUADERNO  EMPASTADO LI 100 HJ FOLIADO,9032651
80505NG,ANILLO ENCUAD. 45MM NEGRO  X 10 UD.IBICO,9032655
10738NG,CORCHETERA PLASTICA COLON A-4 NEGRA 20 HJ MEDIANA,9032655
80662NG,ESPIRALES ENCUAD.20MM NEGRO X 50 UD.IBICO 58 PAS,9032655
27592,TOALLA PAPEL  2 ROLL.250 MT. TECNOROLL H/S AUTOCO,9032650
88771,DESODOR/AMB. AROM 360CC / 225 GR FRUTILLA CREMA,9032650
10762,CORCHETES     10 DE 1000 TORRE  10 HJS,9032655
83558,CLIPS METALICO 78MM ISOFIT PTA.REDONDA 50UN.RANURA,9032655
22013RJ,MARCADOR OLEO SHARPIE PAINT ROJO,9033010
14040,ETIQUETA INK/LASER 101X 85MM 25 HJ 150 UN ADETEC,9032655
80504,ANILLO ENCUAD. 38MM NEGRO  X 1O UD.IBICO,9032655
23253,SEPARADOR A-4 VINILICO 10 POS.BLANCO DATA ZONE,9033007
12421,PILA ALCALINA AA X  4 UN. DURACELL,9032655
83825NG,LAPIZ PASTA P.FINA BIC ORANGE NEGRO.,9033010
99431,CORDEL PLASTICO CORRIENTE T/200 170 GRS.APROX.DELG,9032650
29586NG,BOLIGRAFO GEL 0.7 FABER TRUE GEL NEGRO,9033010
84411,ANILLO ENCUAD. 14MM NEGRO  X 50 UD.IBICO,9032655
70461,ESCOBILLON PLAST/FIBRO C/MANGO PISOS DELICADOS,9032650
78234,LAVALOZA LIQ.  5 LT. SUPER CONCENTRADO PROFESIONAL,9032650
10595RJ,TINTA TAMPON TALINAY  30 CC. ROJO,9033010
16517,TIJERA  8.0  (19.00CM) ISOFIT OFICINA-HOGAR,9032655
21938BL,CARPETA VINIL A4 PIGMEN. DATA ZONE BLANCA,9033007
10263AM,ARCHIVADOR OFICIO ANCHO TORRE TOP AMARILLO,9033007
10742NG,CORCHETERA METALICA TORRE 30 HJ B-7 NEGRA GRANDE,9032655
75652,ADHESIVO BARRA 10 GR PELIKAN,9032655
34312,TOALLA PAPEL  2 ROLL.150 MT TECNOROLL (800 GR),9032650
11465,SOBRE SACO OFICIO BLANCO B-24 25X36  50UD TEKNOFAS,9032655
81218,CAJA ARCHIVO EURO-BOX #07 C.COLGANTE 37X20X26.5,9033007
80029,TRAPERO SACA BRILLO GRIS. 48X50 S/OJAL,9032650
73759,ESCOBILLON PLAST/LASER 14-058B ECONOMICO,9032650
98400AV,TOALLAS HUMEDAS SIMOND-S 85 UN A/VERA VERDE C/TAPA,9032650
77274,SACACORCHETE ALICATE NOVUS REF: 085-GRUESOS,9032655
14042,ETIQUETA INK/LASER  35X 25MM 50HJ 3300UN ADETEC,9032655
22934RJ,PLUMON PIZARRA ISOFIT DESECHABLE ROJO PUNTA REDOND,9033010
28004,ENDULZANTE ASPARTEME ONZA 0.5GR X 1000 S.PRISA,9033008
11397,TARJETERO VINILICOS RHEIN P/96 TARJETAS 326103-4,9033007
12547,SABANILLA ELITE 2 ROLLOS 50 CMS X 48MTS EXCELLENCE,9032650
10880,ELASTICO BLANCO BOLSA  100 GRS. 60/1.6MM. HAND,9032655
34050,ACCOCLIPS PLASTICO BLANCO 50 UNID BALI,9032655
86830,PAPEL FOTO BRILLANT INKJET CARTA 170GR 10HJ ADETEC,9032655
99832VE,BOLIGRAFO PILOT ROL.BALL G-1-0.7 VERDE RECARG.,9033010
83825RJ,LAPIZ PASTA P.FINA BIC ORANGE ROJO.,9033010
91764,DESODOR/AMB. AROM 250 ML MATIC+REPTO VAINIL/CANELA,9032650
85551,CINTA TRANSFERIBLE 24 X 40 MT SELLOCINTA,9032655
44021,CORCHETES  23/17 DE 1000 RAPID PARA 140 HOJAS,9032655
81149AZ,CARPETA CARTERA C/ELASTICO BUHO 5006 AZUL OSCURO,9033007
85426,SEPARADOR PAG. STICK & WRITE  100HJ 4 COLORES NEON,9033007
51228,TARJETERO ECOCUERO DURABLE P/192 TARJETAS,9032655
11846,PAPEL FOTOC. A-3 75 GR CHAMEX  M/POSITO.,9032655
83488,CORCHETES SWINGLINE 2-60  3/ 8- 2500 UDS,9032655
80298,ESPIRALES ENCUAD.16MM NEGRO X 50 UD.IBICO 58 PAS,9032655
87584,CORCHETES  23/ 8 DE 1000 SELLOFFICE,9032655
80656BL,ESPIRALES ENCUAD.10MM BLANCO X 100 UD.IBICO 58 PAS,9032655
91986,PLUMILLA LAVA VIDRIO 3M MANGO EXTENSIBLE,9032650
21818,PAnUELO FACIAL ESTUCHE X 50 HJ. ,9032650
29274AZ,PLUMON PIZARRA TORINI AZUL,9033010
71765,SERVILLETA COCTEL REGIO BLANCA 24X24 200 UNID,9033008
76907,LIMPIADOR A/GRASA  500 CC TREMEX NARANJA GATILLO,9032650
36075,LIBRO ASISTENCIA 100 HJ AUCA AT-500-100,9033007
22013DO,MARCADOR OLEO SHARPIE PAINT DORADO,9033010
87137NG,CARPETA C/FUNDA ISOFIT EXDATA BANK FT-020 OFICIO N,9033007
12855,PAPEL HIG.  4 ROLLOS 100 MT. H/S TORK UNIVERSAL,9032650
25911VI,TINTA CARTUCHO PLUMON PIZARRA PILOT VBOARD VIOLETA,9033010
19859,TIJERA ESCOLAR PARA ZURDOS ADIX 11CM.,9033009
28003,SAL 1 GR X 2000 UN SACHET,9033008
29586RJ,BOLIGRAFO GEL 0.7 FABER TRUE GEL ROJO,9033010
10663,SACAPUNTA METALICO CUADRADO,9033010
81149AZCL,CARPETA CARTERA C/ELASTICO BUHO 5002 AZUL CLARO,9033007
12418,PILA ALCALINA AAA X  4 UN. DURACELL LR03 1.5 V,9032655
12168,ARCHIVADOR OFICIO C/PRES.3 AROS 3.0 BL DWILLIAMS,9033007
85435NG,PLUMON PIZARRA SELLOBOARD P.RED. NEGRO,9033010
19972,BOLSA BASURA 110 X 120 TRAB.PES.90M BASULIP 5 UNI,9032650
59101DO,BOLIGRAFO GEL 0.8 METALICO TORRE DORADO,9033010
44030,TAMPON DACTILAR NEGRO HAND,9032655
81104,SEPARADOR OFICIO DIARIO NUMERICO JS 1-31,9033007
81266,CORCHETES  23/20 DE 1000 NOVUS,9032655
83430BL,ARCHIVADOR CARTA C/PRES.3 AROS 4.0 BLANCO -D- ACCO,9033007
80073NG,LAPIZ FIBRA 0.6 ARTLINE 210 NEGRO,9033010
16551,PAPELERO ESMALTADO GRIS CLARO,9032650
80659NG,ESPIRALES ENCUAD.14MM NEGRO X 50 UD.IBICO 58 PAS,9032655
65687,PLASTICINA 12 COLORES TORRE IMAGIA,9033009
89423,CUCHILLO CARTONERO CHICO RIEL METAL SX71 SELLOFFIC,9032655
83622NG,ARCHIVADOR A-4 C/PRES.2 AROS 1.0 NG DWILLIAMS,9033007
17189,ESCOBILLON PLAST/LASER 14-064 C.DURA + MANGO,9032650
84067,PLUMON 12 COL. ARTEL ESTUCHE,9033010
44033,CORCHETES STANLEY TR-35-40-45 205 5/16- CJA 1000UD,9032655
21938AM,CARPETA VINIL A4 PIGMEN. DATA ZONE AMARILLA,9033007
91616,JABON LIQ. 1 LT. TREMEX VALVULA GLICERINA LAVANDA,9032650
12802,PERFORADOR  25 HJ RHEIN METAL GRANDE NEGRO,9032655
11699,CINTA TRANSFERIBLE 25 X 50 MT TESA,9032655
10263CE,ARCHIVADOR OFICIO ANCHO TORRE TOP CELESTE,9033007
10263VE,ARCHIVADOR OFICIO ANCHO TORRE TOP VERDE,9033007
15352,SEPARADOR PAG. 3M BANDERITA 684-ARR1 FLECHAS,9033007
81884,CINTA IMPR. KORES OKIDATA 320-321-380-390-391 GR2,9032655
10554,LAPIZ GRAFITO No.2 LYRA HB NATURAL S/GOMA,9033010
91292,PAPEL HIG. 16 ROLLOS  20 MT. H/T ELITE SUAVE,9032650
89218,CUCHILLO CARTONERO GRANDE RIEL METAL SELLOFFICE,9032655
98176INC,CERA LIQ.   900 ML TREMEX AUTO BRILLO INCOLORA,9032650
36010AZ,BOLIGRAFO PILOT FRIXION BALL 0.7 MM AZUL BORRABLE,9033010
22934NG,PLUMON PIZARRA ISOFIT DESECHABLE NEGRO PUNTA REDON,9033010
99163,TIZA BLANCA 100 UNID. GIOTTO ROBERCOLOR,9033009
12294AZ,CARPETA PLASTIFICADA  AZUL CORRIENTE,9033007
13042,LIMPIADOR BAnO   500 CC MR MUSCULO GA,9032650
12819AZ,LOMO ARCHIV.ADHESIVO ANCHO AZUL 10UN ADETEC,9033007
89935,TIMBRE FECHADOR 5 MM CORRIENTE (2244) HAND,9032655
21442,ARCHIVADOR LETRA ANCHO AUCA BURDEO,9033007
78506,ESPONJA ABRAS/LISA CLOROX X 1 UNI,9032650
83168,SOPAPO  W.C. ROMMEL C/MANGO,9032650
11085,CAJA ARCHIVO MULTI-ORDEN S/CLASS 321328-5 RHEIN,9033007
10001VE,LAPIZ PASTA P.MED BIC CRISTAL VERDE.,9033010
12312,CARPETA COLGANTE METAL TORRE STAND.,9033007
25094,REVISTERO OFICIO TORRE ESCOCES,9032655
80657NG,ESPIRALES ENCUAD.12MM NEGRO X 50 UD.IBICO 58 PAS,9032655
29274VE,PLUMON PIZARRA TORINI VERDE,9033010
99305HB,MINAS 0.7MM HB ISOFIT POLIMER SHARP,9033010
11059VE,MARCADOR PERMAN.ARTEL PTA. RDA. 50 VERDE,9033010
25118,ADHESIVO BARRA 21 GR STICK IMAGIA TORRE,9032655
32059,SOBRE PORTA DOCUMENTOS OFICIO TORRE SOHO,9032655
81035,REGLA METALICA  15 CM. HAND,9032655
51101,VIRUTILLA PISO GRUESA N. 4 MED. MANLAC,9032650
25117,ADHESIVO BARRA  8 GR STICK IMAGIA TORRE,9032655
89995,SOBRE P/CD BLANCO SIN VENTANA 25 UD TEKNOFAS,9032655
29272AZ,DESTACADOR TORINI JUMBO AZUL,9033010
25121,ADHESIVO COLA FRIA STICK IMAGIA TORRE 225 GR,9032655
91608,CLORO GEL  900 ML. TREMEX,9032650
94655,ARCHIVADOR CARTA C/PRES.2 AROS 0.5 BLANCO D ACCO,9033007
22013PL,MARCADOR OLEO SHARPIE PAINT PLATEADO,9033010
86084,PAnO BLANCO X 1 DE ASEO 30,9032650
10436,ETIQUETA INK/LASER  66X 25MM 25HJ 750UN ADETEC,9032655
12205,OJETILLOS REFORZ PAPEL 14 MM 10 HJ 400 UN ADETEC,9032655
23267,NOTA ADHESIVA TORRE STICK 653  CHICO 3 UN AMA,9032655
84459LI,LIBRO ACTAS 200 HJS.LINEAL REM MAX,9033007
13497,CINTA IMPR. EPSON ERC-30 -34-38 TMU200/370/TM300A,9032655
51230,TARJETERO ECOCUERO DURABLE P/96 TARJETAS,9032655
12819BL,LOMO ARCHIV.ADHESIVO ANCHO BLANCO 10UN ADETEC,9033007
10058AZ,BOLIGRAFO PILOT HI TECPOINT V7 AZUL,9033010
76991,LIMPIADOR M/USO   500 CC TREMEX GATILLO,9032650
17774,CAJA ARCHIVO STANDARD RHEIN GREEN,9033007
33680,GUANTES ANTICORTE MAPA P-TEJIDO 319 VIDRIO/MADERA*,9032650
87132,REGLA PLASTICA  30 CM. PROARTE,9032655
84047,PINCEL CERDA PLANO No.12 577/12,9033009
17822,REGLA METALICA  30 CM. HAND,9032655
82806,FUNDA PLASTICA OFICIO X 100 UD ADIX LOMO BL,9032655
81242,CORCHETES  23/12 DE 1000 RAPID PARA  90 HOJAS,9032655
41428AZ,LAPIZ PASTA KILOMETRICO 100 AZUL 0.7F,9033010
21708,LECHE CONDENSADA 397 GR NESTLE,9033008
81028,PINCEL CERDA PLANO No.08 577/8 ARTEL,9033009
94664,PASTILLA ESTANQUE IGENIX X 3 AZUL 48 GR,9032650
15222RJ,BOLIGRAFO GEL 0.5 TORRE ROJO.,9033010
16811,SACACORCHETE PALANCA HAND,9032655
99719,LIBRETA MANIFOLD DUPLICADO 50 HJ BUHO 156,9033007
25400,TIMBRE MULTIPROPOSITO ADIX,9032655
25230,CORCHETERA PLASTICA AUCA AU-4 NEGRA 20 HJ MEDIANA,9032655
78419,PASTILLA W.C. ADHESIVA HARPIC 3 UN POWER PLUS 27GR,9032650
78403,LIMPIADOR A/GRASA  420 CC GLASSEX DOYPACK,9032650
13353,LAPIZ COLOR 12UN. LARGO GIOTTO +GRAFIT.Y SACAPUNTA,9033010
84072AZ,MARCADOR PERMAN.ARTEL PTA.BIS. 60 AZUL,9033010
99601,TIZA COLOR 100 UNID.,9033009
12819AM,LOMO ARCHIV.ADHESIVO ANCHO AMARILLO 10UN ADETEC,9033007
25627VE,ARCHIVADOR OFICIO ANCHO COLON VERDE,9033007
12442,PAnO MULTIUSO X 1 OSNABURGO 40 X 70 SIN,9032650
10971NG,TAMPON TALINAY No.1 NEGRO PLASTICO 8.5 X 15.0 CMS.,9032655
36553,NOTA ADHESIVA TORRE MEDIANA AMARILLO 100 HJS,9032655
87445,RODILLO LIMPIADOR ROPA 3M LINK ROLLER 30 HJS,9032655
10028AZ,REPTO. BOLIGRAFO PILOT ROLLER G-1 0.7 AZUL,9033010
85859,AZUCARERO CERAMICA BLANCO,9033008
81994,BOLSA BASURA 120 X 130 100 MC X 5 UNID. INDEXPLA,9032650
83625BL,ARCHIVADOR A-4 C/PRES.3 AROS 1.5 BL DWILLIAMS,9033007
80100,LIBRO ASISTENCIA 050 HJ.,9033007
29236,NOTA ADHESIVA NOTEFIX 654 76 MM X 76 MM  100 HJ,9032655
66062,PAnUELO FACIAL ESTUCHE X 100 HJ.,9032650
21904,TE BOLS/HIERBAS SUPREMO  20 BL LLANTEN.,9033008
12700AZ,CARPETA C/FUNDA DATA ZONE FM-020 OFICIO AZUL,9033007
81097,SEPARADOR CARTA ALFABETICO A Z J.S.,9033007
10888,CINTA AISLANTE 18 MM X 10 MT. NEGRA TESA,9032655
80795,SEPARADOR OFICIO 10 DIVIS. BLANCO J S,9033007
29262,PERFORADOR  10 HJ TORINI NEGRO,9032655
87002NG,ANILLO ENCUAD. 18MM NEGRO  X 25 UD.IBICO,9032655
29272RO,DESTACADOR TORINI JUMBO ROSADO,9033010
71068,CAJA ARCHIVO AMERICANA RHEIN 333314,9033007
11346,PAPEL FOTOC. A-4 75 GR EQUALIT 500 HJ,9032655
82587,SOBRE ACOLCHADO EXTRA OFICIO # 9  33 X 45 CM.,9032655
78589,TOALLA PAPEL  1 ROLL.  12 MT NOVA CLASICA H/DOBLE,9032650
17421AZ,BOLIGRAFO PILOT SUPER GEL 0.7 MM AZUL,9033010
17421NG,BOLIGRAFO PILOT SUPER GEL 0.7 MM NEGRO,9033010
13449AM,CARPETA PRESENTADOR OFICIO DATA ZONE E-355 AMARILL,9033007
15779,PINCEL PELO CAMELLO No.11 PROARTE,9033009
80238,MARCADOR PERMAN.PILOT JUMBO 6600 VERDE,9033010
84928,GOMA BORRAR FACTIS MIGA P/LAPIZ RP-60(MILAN),9033009
36535AZ,CARPETA VINIL CARTA AZUL AUCA,9033007
70464,PLUMILLA LAVA VIDRIO FIBRO MANUAL 20CM X 20CM,9032650
84286,MOPA LIMPIEZA VIRUTEX REPTO. ALGODON 30CM.,9032650
70173,CORCHETES  24/ 8 DE 1000 NOVUS,9032655
10021AZ,BOLIGRAFO PILOT ROL.BALL G-1 0.5 GRIP AZ RECARG.,9033010
29253,CLIPS METALICO 28MM TORINI 100 UD,9032655
50828,PAPEL HIG.  4 ROLLOS  27 MT. H/D ELITE ULTRA SUAVE,9032650
12230AZ,ARCHIVADOR VINIL. CARTA  2 AROS AZ RHEIN 312205-0,9033007
80663NG,ESPIRALES ENCUAD.23 MM NEGRO X 25 UD.IBICO 58 PAS,9032655
99630HU,MICA ENCUAD OFICIO HUMO-GRIS IBICO 30 UD,9032655
91765FB,DESODOR/AMB. AROM 250 ML RPTO/MATIC FRAMB/BERRIES,9032650
83070,DETERGENTE POLVO   350 GR RINSO,9032650
89640HB,MINAS 0.9MM HB LAPOINTE TUBO 30 MINAS,9033010
11059AZ,MARCADOR PERMAN.ARTEL PTA. RDA. 50  AZUL,9033010
13769HB,MINAS 0.9MM HB ISOFIT,9033010
12184BG,LOMO ARCHIV.ADHESIVO ANCHO BEIGE 10UN PRISA,9033007
82688,PINCEL OCEAN-ARTEL No. 5 103/5,9033009
99351,PINCEL OCEAN-ARTEL No. 6 103/6,9033009
36315,SERVILLETA COCTEL ELITE RESTAURANTE 24X24 X 120 UN,9033008
19737,CARPETA BASIC FILE PP A4 BLANCO/TRANSPA RHEIN,9033007
70617,CARPETA VINIL CARTA C/APRETADOR PIGME NEGRA DURABL,9033007
83441BL,ARCHIVADOR CARTA C/PRES.3 AROS 1.5 BLANCO -D- ACCO,9033007
41428NG,LAPIZ PASTA KILOMETRICO 100 NEGRO  0.7F,9033010
86361AZ,CAJA ARCHIVO EURO-BOX #22 AZULINO 28X33X9.5,9033007
99696AZ,CARPETA CARTERA C/ELASTICO DATA ZONE VINIL AZUL,9033007
76895,LAVALOZA LIQ.   500 ML. TREMEX LIMON,9032650
36010RJ,BOLIGRAFO PILOT FRIXION BALL 0.7 MM ROJO BORRABLE,9033010
64123,PORTACREDENCIAL CINTURON (YO-YO) PLAST/DURABLE 1UN,9032650
13306,CINTA MULTIUSO 50 MM X 10 MT. GRIS TESA,9032655
12431,PAnO COCINA X 1 ALGODON 43 X 63 ,9032650
12711NG,CARPETA C/GUS DATA ZONE OF. CLIP FILE NEGRO 712,9033007
27898,ALCOHOL ISOPROPILICO PURO 500 C.C SOUTH PACIFIC,9032650
19710,CROQUERA ESPIRAL OFI.100 HJ IMAGIA.21X32 TORRE,9032651
13770HB,MINAS 0.7MM HB CORRIENTE,9033010
82938,ELIMINADOR DE SARRO  500 ML LIQ. KLAREN,9032650
16647XL,GUANTES INDUST.NITRILO T-XL N-10 VERDE FLOC.TRESOR,9032650
D440226,ADHESIVO PEGAFIX PRITT MADERA 110 GR,9032655
12439,LIMPIADOR A/GRASA  650 CC GLASSEX GATILLO,9032650
29272NJ,DESTACADOR TORINI JUMBO NARANJA,9033010
12294BG,CARPETA PLASTIFICADA  BEIGE CORRIENTE,9033007
12320,TIRITAS VISORES C.SURTIDOS RHEIN (250 UND),9032655
82668BL,ARCHIVADOR CARTA C/PRES.2 AROS 1.0 BL RHEIN,9033007
12045,CINTA ADHE. INVISIBLE 19X33 MT TESA REF: 57477,9032655
18850FC,LIMPIADOR P/FLOTAN. C/ABRILL.900CC EXCELL CEREZO,9032650
41428RJ,LAPIZ PASTA KILOMETRICO 100 ROJO 0.7F,9033010
84879,TRAPERO SIMPLE C/OJAL 50X60 TUTTI ALGODON,9032650
33539L,GUANTES DOMESTICO LATEX T-L AMAR. VER COD.33539LE,9032650
24473,SEPARADOR OFICIO 10 DIVIS. BLANCO VINIL DATA ZONE,9033007
81194,SEPARADOR OFICIO 10 DIVIS.VINILICO IMEX D/ZONE COL,9033007
17421RJ,BOLIGRAFO PILOT SUPER GEL 0.7 MM ROJO,9033010
12626,TOALLA PAPEL  2 ROLL. 24 MT. ELITE  D/HOJA,9032650
84538FL,DESODOR/AMB. GLADE TOQUE RECARGA PLACER FLORAL,9032650
12719RJ,MARCADOR PERMAN.TRATTO (P.RDA)FIBRA MARK ROJO,9033010
82611,GUANTES DOMESTICO LATEX VIRUTEX M COCINA,9032650
10696,SACAPUNTA PLASTICO MAPED GALACTIC SIMPLE C/DEPOSIT,9033009
25347,DOBLE CLIPS NEGROS   3/4- 19MM X 12UN ISOFIT,9032655
87310AM,CARPETA COLGANTE TERMOLAMINADA BUHO AMARILLA,9033007
87310AZ,CARPETA COLGANTE TERMOLAMINADA BUHO AZUL,9033007
22013AZ,MARCADOR OLEO SHARPIE PAINT AZUL,9033010
13257,LLAVERO PLASTICO C/PLACA COLORE SURT. HAND,9032655
10057RJ,BOLIGRAFO PILOT HI TECPOINT V5 ROJO,9033010
10058NG,BOLIGRAFO PILOT HI TECPOINT V7 NEGRO,9033010
10058RJ,BOLIGRAFO PILOT HI TECPOINT V7 ROJO,9033010
12486,PAnO NARANJA X 1 DE ASEO 45 X 50 VI,9032650
78753,ADHESIVO BARRA 40 GR HAND,9032655
25215,DOBLE CLIPS NEGROS     2- 51MM X 12UN TORRE,9032655
80715,LIMPIADOR CREMA  750 GR CIF ORIGINAL MICROPARTICUL,9032650
12182AM,LOMO ARCHIV.ADHESIVO ANGOSTO AMARILLO 10UN ADETEC,9033007
19411TR,CARPETA POLIP.C/ELAST.OFICIO RHEIN TRANSP.314290,9033007
12294AM,CARPETA PLASTIFICADA  AMARILLA CORRIENTE,9033007
91612,LIMPIADOR BAnO   500 CC TREMEX GA,9032650
11228,CINTA EMBALAJE TRANSP. 48 X 50 MT 3M INDUSTRIAL,9032655
12158,ARCHIVADOR OFICIO ANCHO RHEIN BURDEO,9033007
82889,ETIQUETA INK/LASER 101X 34MM  10 HJ  140 UN ADETEC,9032655
25328,DOBLE CLIPS NEGROS   1/2- 15MM X 12 UN ADIX,9032655
65521,LIMPIADOR CREMA  750 GR SAPOLIO,9032650
D481649,LAPIZ COLOR 12UN. LARGO FABER HEXAGONAL,9033010
12157,ARCHIVADOR OFICIO ANGOSTO TORRE 515-H BURDEO,9033007
12159,ARCHIVADOR OFICIO ANCHO TORRE 518/H BURDEO,9033007
23296,CLORO   500 CC. CLORINDA TRADICIONAL,9032650
99840,CAFE INST. NESCAFE TRADICION  170 GR POLVO TARRO,9033008
99161NG,ANILLO ENCUAD. 08MM NEGRO  X 50 UD.IBICO,9032655
98394,TIJERA  6.4  (16 CM) SCISSORS MANGO PLASTICO COLOR,9032655
70302,LIMPIADOR PISO 1 LT BIOCLEANER ECOLOGICO,9032650
25338,DOBLE CLIPS NEGROS     2- 51MM X 12UN ACCO,9032655
99778,CORRECTOR LIQ. T.LAPIZ LIQUID PAPER 7 ML.,9033010
10930,CUCHILLO CARTONERO GRANDE C/FRENO SELLOFFICE,9032655
80544RO,ROLLO ATENCION PUBLICO SU TURNO X 3000UD ROSADO,9032651
80544VE,ROLLO ATENCION PUBLICO SU TURNO X 3000UD VERDE,9032651
12482,TRAPERO GIGANTE 50X57 VIRUTEX ULTRA ABSORBENTE,9032650
73826RJ,MARCADOR PERMAN.PELIKAN 710 P.BISELADA ROJO,9033010
12509,LUPA C/MANGO PLASTICO REDONDO 40MM 10X HAND,9032655
98176RJ,CERA LIQ.   900 ML TREMEX AUTO BRILLO ROJA,9032650
80350NJ,DESTACADOR MON-AMI JUMBO 604 HIGHLIGHTER NARANJA,9033010
80350RO,DESTACADOR MON-AMI JUMBO 604 HIGHLIGHTER ROSADO,9033010
70496,PAnUELO FACIAL BOLSA 6 PQ X 10 HJ ,9032650
12430,PAnO AMARILLO X 1 DE ASEO 40 X 45 C,9032650
14311,LIMPIAVIDRIOS   500 CC TREMEX ORGAN/ECOACTIVO GATI,9032650
99402,FILM PLAST/ALIMENTO 30 CM X   30 MT ALUSA,9033008
29277,LAPIZ COLOR 12UN. TORINI,9033010
25227,CORCHETES  26/ 6 DE 1000 COLON  25 HJ,9032655
84556,ALCOHOL GEL 75 ML. SIMOND-S 70% S/ENJUAGE,9032650
11445M7,BLOCK PREPIC-PERF.CARTA M7 80 HJ RHEIN M7,9032651
87284,CARPETA COLGANTE PLASTICA  ORGAREX 21800,9033007
64121,PORTACREDENCIAL C/PINZA ACRILICO DURABLE,9032655
16191,ARCHIVADOR CARTA ANCHO COLON BURDEO 818AB,9033007
29247NG,LAPIZ PASTA P.MED TORINI NEGRO,9033010
113015382,ETIQUETA MANUAL BCA 53X82 MM 10 HJ 20 UN ADETEC,9032655
10012AZ,LAPIZ PASTA P.MED FABER 032 AZUL.,9033010
13449TRAS,CARPETA PRESENTADOR OFICIO DATA ZONE E-355 TRANSP.,9033007
83113,PAnO ABSORB/CELULOSA X  3 SPONGI L/COCINA VI,9032650
88886,DEDOS DE GOMA No. 13 HAND,9032655
10476AZ,LAPIZ TRANSP. PILOT PERM.MEDIO SC-OHM 0.8 AZUL,9033010
11474,SOBRE AMERICANO VENTANA 10X23   50UD TEKNOFAS,9032655
87440,DOBLE CLIPS NEGROS     1- 25MM X 12UN SELLOFFICE,9032655
78420PI,PASTILLA W.C. HARPIC C/GANCHO 20 GR PINO,9032650
10021NG,BOLIGRAFO PILOT ROL.BALL G-1 0.5 GRIP NG RECARG.,9033010
10021RJ,BOLIGRAFO PILOT ROL.BALL G-1 0.5 GRIP RJ RECARG.,9033010
12562,SERVILLETA MESA ELITE BLANCA X 50 UD 33X33 CMS,9033008
17925,CLIPS METALICO 33MM ADIX PTA.REDONDA 100 UND.,9032655
81195,SEPARADOR OFICIO 5 DIVIS. VINILICO D/ZONE,9032655
87671,SOBRE ACOLCHADO OFICIO # 6  24 X 31,9032655
10492NG,PLUMON PIZARRA PILOT WBMA-TM NEGRO RECARG.,9033010
10492RJ,PLUMON PIZARRA PILOT WBMA-TM ROJO RECARG.,9033010
25348,DOBLE CLIPS NEGROS 1.1/4- 32MM X 12UN ACCO,9032655
17792,TRANSPORTADOR 180o. 10CM HUMO PROARTE,9033010
81069,CARPETA VINIL CARTA FAST PIGMEN. TORRE NEGRO,9033007
89098,CUCHILLO CARTONERO CHICO ISOFIT 120 C/FRENO,9032655
11421M5,BLOCK PREPIC-PERF.OFICIO M5 COLON,9032651
16500,GOMA EVA 20.0 X 30   10 UD 2MM COLOR/SURTIDOS,9033009
13540,CUADERNO UNIV. E/D 100 HJ C.VERTICAL TORRE LISO,9032651
29246,CORRECTOR LIQ. T.LAPIZ TORINI 7 ML,9032655
11070,CAJA ARCHIVO EURO-BOX #01 REVISTERO 29X25X13.5,9033007
29247RJ,LAPIZ PASTA P.MED TORINI ROJO,9033010
84264,CARPETA COLGANTE RHEIN SUPER-CLAS AMARILLA 313201,9033007
12255,CARPETA CARTULINA KRAFT,9033007
98375,PAPEL HIG.I/FOLIADO ELITE B/CA 200 HOJAS H/D,9032650
99687NG,MARCADOR ROPA ARTLINE 750 NEGRO,9033010
87843,SEPARADOR PAG. STICK & WRITE 200HJ 8 COL FLECHA+RE,9033007
70615AZ,CARPETA VINIL CARTA FAST PIGMEN. DURABLE AZUL,9033007
70197,BOLSA ALMACEN. EUROPLAS 20 X 30  100 UN.,9033008
80670,GALLETA MCKAY COCO 120 GR.,9033008
80009RJ,LAPIZ PASTA P.MED TORRE ICE ROJO. PUNTA METALICA,9033010
36020,PORTAMINA 0.7MM PILOT PROGREX  AZUL/NEGRO,9033010
76230,LAPIZ PASTEL 12 COL. ARTEL GRASO,9033010
12262BL,ARCHIVADOR RAPIDO PLASTIF. BLANCO CORRIENTE,9033007
29465,PILA ALCALINA MN21 X 1 UN. DURACELL,9032655
12725NG,LAPIZ PLUMON T/SCRIPTO 0.5MM GIOTTOCOLOR NEGRO,9033010
24523,ESPONJA ABRAS/SCOTCH BRITE 3M HAN/PADS 7447MARR,9032650
83945,ATOMIZADOR PLASTICO 1 LT. LALMS,9032650
92057,ESPONJA ABRAS/ANATOMICA VIRUTEX X 4 BONOB/ACAN,9032650
12719NG,MARCADOR PERMAN.TRATTO (P.RDA)FIBRA MARK N,9033010
81137,SEPARADOR A-4 VINILICO 5 POS. COLORES DATA ZONE,9033007
11461,SOBRE AMERICANO BLANCO 10X23 80GR 50UD TEKNOFAS,9032655
25288TR,CARPETA SEMINARIO DATA ZONE A4 ECO. TRANSPARENTE,9033007
12543T,PAnUELO FACIAL CUBO PREMIUM TRIPLE HOJA X 6,9032650
10495NG,PLUMON PIZARRA PILOT WBMA-R NEGRO DESECH.,9033010
10495VE,PLUMON PIZARRA PILOT WBMA-R VERDE DESECH.,9033010
70618,CARPETA VINIL OFICIO C/APRETADOR PIGME NEGRA DURAB,9033007
83064,CLORO   950 CC. CLOROX PUREZA CITRICA,9032650
89994,SOBRE P/CD BLANCO CON VENTANA 25 UD TEKNOFAS,9032655
99832RJ,BOLIGRAFO PILOT ROL.BALL G-1-0.7 ROJO RECARG.,9033010
92208,SABANILLA ELITE 2 ROLLOS 50 CMS X 48MTS PLUS,9033008
82022DAL,JUGO NATURAL 1.5 LT WATTS DURAZNO LIGHT,9033008
82022FRL,JUGO NATURAL 1.5 LT WATTS FRUTILLA LIGHT,9033008
82732,REGLA METALICA  40 CM. CORRIENTE,9033010
12665CE,DESTACADOR TRATTO TIPO LAPIZ FLUOR CELESTE,9033010
12665RO,DESTACADOR TRATTO TIPO LAPIZ FLUOR ROSADO,9033010
24388,ESTILOGRAFO  PELIKAN  0.2 86 TECHNO LINER NEGRO.,9032655
84981,PASTILLA ESTANQUE VIRUTEX X 1 AZUL 50 GR CLASICA,9032650
81112,SEPARADOR CARTA 10 DIVIS. BLANCO J S,9033007
83728,PAnUELO FACIAL SUPERMER. 6PQ X 10HJ.ELITE AL,9032650
25385NJ,DESTACADOR PELIKAN 414 MARCATEXTOS NARANJA,9033010
86465,CINTA EMBALAJE CAFE 48 X 40 MT SELLOCINTA,9032655
99001,CARPETA VINIL SCHNELL RHEIN A-4 314424,9033007
87310RJ,CARPETA COLGANTE TERMOLAMINADA BUHO ROJA,9033007
87310VE,CARPETA COLGANTE TERMOLAMINADA BUHO VERDE,9033007
74339,LAMINA AUTOADH EN FRIO ADETEC 114X164MM  3 UD,9032655
36537AZ,CARPETA CARTERA C/ELAST.OFICIO AZUL VINIL AUCA,9033007
36537TR,CARPETA CARTERA C/ELAST.OFICIO TRANSPAR.VINIL AUCA,9033007
10931,CUCHILLO CARTONERO CHICO C/FRENO SELLOFFICE,9032655
11411M7,BLOCK APUNTES FISCALITO 7MM RONEO 80 HJS. 16 X 21,9032651
84484,TE BOLS/HIERBAS SUPREMO  20 BL SURTIDOS,9033008
84505,TE BOLS/HIERBAS SUPREMO  20 BL MATICO.,9033008
10377RO,DESTACADOR STABILO BOSS ROSADO,9033010
19067,CINTA ADHE. CRISTAL 12 X 20 MT. 3M REF: 600,9032655
98126,PLASTICINA 12 COLORES PAX,9033009
99686NG,LAPIZ FIBRA 0.4 ARTLINE 200 NEGRO,9033010
99686RJ,LAPIZ FIBRA 0.4 ARTLINE 200 ROJO,9033010
87441,DOBLE CLIPS NEGROS 1.1/4- 32MM X 12UN SELLOFFICE,9032655
24096,DETERGENTE POLVO   200 GR DERSA ULTRA MATIC FLORAL,9032650
10244,GALLETA COSTA SODA CUBO 54 GR.,9033008
78420LV,PASTILLA W.C. HARPIC C/GANCHO 20 GR LAVANDA,9032650
80073AZ,LAPIZ FIBRA 0.6 ARTLINE 210 AZUL,9033010
18837,PAnO COCINA X 1 ALGODON 45 X 70 MGF LI,9032650
85616,LAPIZ CARPINTERO BICOLOR LYRA GRUESO PAX,9033010
73826AZ,MARCADOR PERMAN.PELIKAN 710 P.BISELADA AZUL,9033010
73826NG,MARCADOR PERMAN.PELIKAN 710 P.BISELADA NEGRO,9033010
19526,ADHESIVO BARRA  8 GR GIOTTO,9032655
10012NG,LAPIZ PASTA P.MED FABER 032 NEGRO.,9033010
12182BL,LOMO ARCHIV.ADHESIVO ANGOSTO BLANCO 10UN ADETEC,9033007
85971AM,DESTACADOR BOLSILLO SELLOHILITER AMARILLO,9033010
84525AZ,LAPIZ PASTA P.FINA TRATTO UNO ORANGE AZUL.,9033010
25385AM,DESTACADOR PELIKAN 414 MARCATEXTOS AMARILLO,9033010
89932,TIJERA ESCOLAR P/ROMA PROARTE,9032655
99663,LIMPIADOR M/USO   450 GR KLENZO POLVO,9032650
86003,ESCUADRA PLASTICA 60o. 25CM PROARTE,9032655
10012RJ,LAPIZ PASTA P.MED FABER 032 ROJO.,9033010
84604,MARCADOR MULTIUSO TRATTO OHP-FINO P.FIBRA AZUL,9033010
84604NG,MARCADOR MULTIUSO TRATTO OHP-FINO P.FIBRA NEGRO,9033010
84604RJ,MARCADOR MULTIUSO TRATTO OHP-FINO P.FIBRA ROJO,9033010
11572,FORMULARIO MENSAJE TELEFONICO RHEIN,9032651
12365AZ,MARCADOR PERMAN.MON-AMI PTA.BIS.AZUL,9033010
12365NG,MARCADOR PERMAN.MON-AMI PTA.BIS.NEGRO,9033010
12365RJ,MARCADOR PERMAN.MON-AMI PTA.BIS.ROJO,9033010
80349NG,PLUMON PIZARRA MON-AMI DESECH. NEGRO,9033010
80349RJ,PLUMON PIZARRA MON-AMI DESECH. ROJO,9033010
80349VE,PLUMON PIZARRA MON-AMI DESECH. VERDE,9033010
84066,PLUMON  6 COL. ARTEL ESTUCHE,9033010
82766,SAL DE MESA LOBOS  1 KILO,9033008
17331,TE BOLS/CLUB    20 BL ORIGINAL,9033008
86014,TRANSPORTADOR 360o. 10CM NEOLITE,9033010
12668NG,PLUMON PIZARRA TRATTO NEGRO,9033010
12668RJ,PLUMON PIZARRA TRATTO ROJO,9033010
24390,ESTILOGRAFO  PELIKAN  0.4 86 TECHNO LINER NEGRO,9032655
29461,PILA LITIO DURACELL 2025  X 1 UN. 3 VOLT,9032655
12725AZ,LAPIZ PLUMON T/SCRIPTO 0.5MM GIOTTOCOLOR AZUL,9033010
29247VE,LAPIZ PASTA P.MED TORINI VERDE,9033010
12295,CARPETA CARTERA C/SOLAPA KRAF RHEIN 314410,9033007
76874,CINTA ADHE. CRISTAL 12 X 25 MT. 3M REF: 500,9032655
17140,ESCOBILLA ASEO UnAS SET 2,9032650
87851,NOTA ADHESIVA STICK & WRITE 76X76 100HJ VERDE CLAR,9032655
73826VE,MARCADOR PERMAN.PELIKAN 710 P.BISELADA VERDE,9033010
12665NJ,DESTACADOR TRATTO TIPO LAPIZ FLUOR NARANJA,9033010
85427RO,DESTACADOR SELLOBOSS ROSADO,9033010
10836,CLIPS No.1 PUNTA TRIANGULAR TORRE X 100 UN 33 MM,9032655
103062B,MINAS 0.5MM 2B PILOT,9033010
89094,CHINCHES DORADOS X 100 UD.ISOFIT,9032655
15817,PALOS HELADO BOLSA X 50 UND. PROARTE,9033009
84525NG,LAPIZ PASTA P.FINA TRATTO UNO ORANGE NEGRO.,9033010
84525RJ,LAPIZ PASTA P.FINA TRATTO UNO ORANGE ROJO.,9033010
78735,TIJERA  5.25 (13.33CM) P/ZURDO HAND,9032655
10407,CLIPS PARA PORTACREDENCIALES HAND,9032655
29274NG,PLUMON PIZARRA TORINI NEGRO,9033010
88600,LAPIZ BICOLOR ARTEL HEXAGONAL DELGADO,9033010
87504,ADHESIVO BARRA  8 GR MON-AMI,9032655
17084,LAPIZ GRAFITO No.2 PROARTE HB C/GOMA HEXAGONAL,9033010
12264,CARPETA CARTULINA KRAFT RHEIN 200 GR.,9033007
10012CE,LAPIZ PASTA P.MED FABER 032 CELESTE,9033010
10012VE,LAPIZ PASTA P.MED FABER 032 VERDE.,9033010
81090,FUNDA PLASTICA OFICIO RHEIN 80 MICRONES,9032655
12730NG,LAPIZ PASTA P.MED TRATTO UNO NEGRO.,9033010
80443,DEDOS DE GOMA No. 11 AZUL,9032655
88885,DEDOS DE GOMA No. 12 HAND,9032655
83995,CAFE GRANO HAITI SUP/MOKA 2.5 MOLIDO 250GR.DORADO,9033008
83381,CAFE GRANO HAITI MOLIDO MEZCLA  250GR (VERDE),9033008
29464,PILA LITIO DURACELL CR123 X 1 UN. 3 VOLT,9032655
16816,AGUA MINERAL   500 CC BENEDICTINO C/GAS,9033008
16817,AGUA MINERAL   500 CC BENEDICTINO S/GAS,9033008
17589,TOALLA PAPEL  6 ROLL.305 MT. SCOTT JUMBO,9032650
70114,TOALLA PAPEL KLEENEX SUPREM 18 PAQ.DE 150 HOJAS,9032650
70116,TOALLA PAPEL  6 ROLL.350 MT.JUMBO SCOTT KIMBERLY,9032650
83727,PAPEL HIG.  6 ROLLOS 250 MT. H/D ELITE JUMBO,9032650
12569,TOALLA PAPEL  2 ROLL.300 MT. ELITE JUMBO H/S BLANC,9032650
14044,ETIQUETA INK/LASER  66X 25MM 50HJ 1500UN ADETEC,9033007
82758,VASO DESECH. PLUMAVIT 180ML 6 ONZ X 25 UN DART,9033008
73469,VASO POLIPAPEL 120ML. 4 ONZ X 50 UN. TUGOU,9033008
77799,VASO POLIPAPEL 180ML. 6 ONZ X 50 UN. TUGOU IMPRESO,9033008
10879,BOLSA PLASTICA TRANS. 20X30 X 100 UN 0.02 MIC.,9033008
10063,BOLSA PLASTICA TRANS. 30X40 X 100 UN 0.02 MC,9033008
84937,BOLSA PLASTICA TRANS. 40X50 X 100 UN 0.22 MICRONES,9033008
19344,PAPEL PLOTTER BOND 24 80 GR  91CM X  50 MT DIAZOL,9033008
26896,BASE NOTEBOOK KENSINGTON EASY RISER SMARTFIT,9033008
29649,BASE NOTEBOOK/TABLET KENSINGTON EASY RISER NG 14PU,9033008
89126,BASE NOTEBOOK KENSINGTON EASY RISER GO 17 NEGRO,9033008
33517,CUCHILLO CARTONERO RETRACTIL PLUS + 10 REPUESTOS,9033008
12289,CAJA EMBALAJE (50 LARGO 40 ANCHO 24 ALTO) KRAFT,9033008
11088,CAJA EMBALAJE (60 LARGO 40 ANCHO 40 ALTO) KRAFT,9033008
29401,CINTA ROTULADORA BROTHER TZE-241 X 1 NG/BLCO 18MM,9033008
19247,NOTA ADHESIVA 3M POST-IT 2051-FLT MINI CUBO,9032655
36372NE,NOTA ADHESIVA 3M POST-IT 653  4 UND NEON,9032655
78169,NOTA ADHESIVA 3M POST-IT 654-6PK CUBO NEON 390 HJS,9032655
82768,CLIPS MAGICOS 50 UN. ADIX METALICOS 4.8MM,9032655
70131,ALCOHOL SPRAY  400 ML. MANOS Y BRAZO SCOTT D/16123,9032650
82047,BEBIDA LATA 350CC COCA-COLA LIGHT,9033008
82046,BEBIDA LATA 350CC COCA-COLA ORIGINAL,9033008
23898,DVD-R GRABABLE  1 UN. 4.7 GB 16X MAXELL,9033008
25699,DVD+R GRABABLE 50 UN. 4.7 GB 16X MAXELL,9033008
70193,FILM PLAST/ALIMENTO 45 CM X  1400 MT EUROPLAS,9032650
78428,TOALLA PAPEL  1 ROLL.  30 MT. NOVA ULTRA MEGA H/DO,9032650
99839,AZUCAR 1 KL. IANSA BOLSA,9033008
83399,PAPEL PLOTTER BOND 24 80 GR  91CM X  80 MT DIAZOL,9033008
65645,BASURERO  72 LT. C/TAPA PEDAL SANREMO,9032650
96688,TOALLAS DESINF. VIRUTEX 90 UN POCKET LIMON EASY CL,9032650
17153LA,LIMPIADOR PISO 900 CC LYSOL LAVANDA,9032650
88271,TRAPERO HUMED/DESINF. VIRUTEX 10UN 40X60 LIMON C,9032650
CF501A,TONER HP 202A CYAN LASERJET PRO M254DW/MFP281FDW,9032651
CF503A,TONER HP 202A MAGENTA LASERJET PRO M254DW/MFP281,9032651
12239,SEPARADOR OFICIO 6 DIVIS. (EX 5POS.)COLOR RHEIN,9033007
71237,REVOLVEDOR MADERA ABEDUL 14 CM  X 1000 UN YSWOOD,9033008
13004,CUCHARA MADERA TE O CAFE PQ X 100 UN,9033008
12530,JABON LIQ.  340 ML. SIMOND-S CELESTE C/VALVULA,9032650
87807,LIBRETA APUNTES MINI 100HJ 7MM ORGAREX 21750 10X16,9033007
32025,MAQUINA PLASTIF.TORRE G15.CTA/OF/DCTA 75/125/175MI,9033007
10231,LIBRO ACTAS 400 HJ. LINEAL ARON C/FOLIO,9033007
82040,AGUA MINERAL   600 CC VITAL C/GAS,9033008
80522,PAPEL ENVOLVER ROLLO BEIGE 40CM 280MT 35 GRS ACONC,9032655
99128TR,MICA ENCUAD CARTA LISA X 30 UDS IBICO NATURAL,9032655
15246,PAPELERO CENICERO MALLA 67 CMS ALTO X 24 CMS DIAME,9032650
19068,CINTA ADHE. CRISTAL 19 X 20 MT. 3M REF: 600,9032655
43528,PILA LITIO 2032 X 5 UND DURACELL,9032655
84723,PAPEL PLOTTER BOND 24 80 GR  61CM X  50 MT DIAZOL,9032655
29889,TONER BROTHER TN-3479 DCP-L5650DN/5100DN/6700/6900,9032651
CF401A,TONER HP CF401A (201A) CYAN 1400 PAG. M277DW,9032651
CF402A,TONER HP CF402A (201A) YELLOW 1400 PAG. M277DW,9032651
78502,TOALLA PAPEL  2 ROLL.250 MT. ELITE AUTO CORTE EVOL,9032650
17814,CINTA ADHE. CRISTAL 18 X 40 MT. TESA CONO GRANDE,9032655
77330LA,DETERGENTE POLVO  1 KL DERSA LAVANDA,9032650
20461,CINTA ROTULADORA BROTHER M-231 N/B 12MM PT85/80/90,9032651
28629,DRUM HP CE314A (126A) CP1025NW/M177FW/175/6,9032651
29044,CARTRIDGE BROTHER LC-402 NEGRO MFC-J6740DM 550PG,9032651
29045,CARTRIDGE BROTHER LC-402 CYAN MFC-J6740DM 550PG,9032651
29046,CARTRIDGE BROTHER LC-402 MAGENTA MFC-J6740DM 550PG,9032651
29047,CARTRIDGE BROTHER LC-402 YELLOW MFC-J6740DM 550PG,9032651
23491,PAPELERO C/TAPA VAIVEN  6.5 LT. 24X17X28 BEIG SAN,9032650
91027,TACO CALENDARIO GRANDE 2023 BUHO 760 URAL,9032655
83028,TE BOLS/HIERBAS LIPTON   20 BL MANZANILLA.,9033008
88979,TE BOLS/HIERBAS SUPREMO  20 BL MENTA.,9033008
26286,DIARIO MURAL VITRINA MAGNETICA 8A4 92 X 65 CM BISI,9032651
89673,PAPELERO C/TAPA VAIVEN 10 LT 23X17X41 S/REMO BEIGE,9032651
83943,PAPELERO C/TAPA VAIVEN  7 L 14X26X34 S/REMO BEIGE,9032651
3ED67A,CARTRIDGE HP 3ED67A (712) CY 29ML P/T210/T250/T650,9032651
3ED68A,CARTRIDGE HP 3ED68A (712) MG 29ML P/T210/T250/T650,9032651
3ED69A,CARTRIDGE HP 3ED69A (712) YE 29ML P/T210/T250/T650,9032651
3ED71A,CARTRIDGE HP 3ED71A (712) NG 80ML P/T210/T250/T650,9032651
92020,ALCOHOL PLUS 130 ML. SIMOND-S 70% A/BACT. SPRAY,9032650
70213,CAJA PLASTICA C/TAPA 68 L 60X40X32 COLOR KENDY,9033007
97852,CAFE GRANO NESCAFE ESPRES/ROAST 1 KL P/CAFETERA,9033007
76900,LAVALOZA LIQ.  5 LT. TREMEX CITRUS C/BICARBONATO,9032650
70454,ESPONJA ABRAS/ACANALADA 4+2 FIBRO,9032650
78741BL,DISPENSA/SERVILLETA EXPRESS BLANCO,9032650
78184,SERVILLETA INTERFOLIADA ELITE ECOLOGICA X 250UN,9032650
14882NG,ESPIRALES ENCUAD.10MM NEGRO 58 PASOS 100UD DIAZOL,9032655
80665NG,ESPIRALES ENCUAD.29MM NEGRO X 25 UD.IBICO 58 PAS,9032655
79532,MARCADOR MULTIUSO SHARPIE SET DE 24 COLORES,9033010
70118,PAPEL HIG.I/FOLIADO KLEENEX H/D CX36 PQ250,9032650
63103,MOUSE KENSINGTON USB FOR LIFE 3BOT 2.4G NG/AZ INAL,9032655
63104,MOUSE KENSINGTON USB PROFIT INALAMBRICO,9032655
88389BL,BEBIDA HIDRATANTE 500CC GATORADE BLUE,9033008
88389FR,BEBIDA HIDRATANTE 500CC GATORADE FRUTAS,9033008
